"ID_TRAPPOLA","ID_cattura","ALBA","sessione","occasione","chip","ricattura","pelo","peso..g.","sex","eta","statoripr","NOTE","DOY","Data_R","Anno","SESSIONE","data.attivazione","occasione.attivazione","ED50.Coord.X","ED50.Coord.Y","WGS84.Coord.Long","WGS84.Coord.Lat","Diametro.roccia.1..cm.","Diametro.roccia.2..cm.","Diametro.roccia.3..cm.","X..COP..VEG.","NUMERO.SPECIE","SPECIE.DOMINANTE","distanza.trappole..cm...da.75a1.","angolo.trappole..gradi.AZ..da75a1.","X","X.1","X.2"
"10",19,"A",1,10,NA,"R","SI 8",31,"F","A","NR",NA,248,2014-09-05,"2014",1,"14/07/2015",1,367456,5048264,"7.300214843071257","45.573488459293316",58,34,41,35,20,"Graminacee",833,298,NA,NA,NA
"10",14,"A",1,12,"1317018","R","E",34,"F","A","R",NA,201,2015-07-20,"2015",1,"14/07/2015",1,367456,5048264,"7.300214843071257","45.573488459293316",58,34,41,35,20,"Graminacee",833,298,NA,NA,NA
"10",33,"A",2,3,NA,"N","Eg/Fg",31,"M","A","NR",NA,242,2016-08-29,"2016",1,"14/07/2015",1,367456,5048264,"7.300214843071257","45.573488459293316",58,34,41,35,20,"Graminacee",833,298,NA,NA,NA
"11",28,"A",1,13,NA,"R?","D/Fb",27,"M","A","NR",NA,239,2017-08-27,"2017",1,"14/07/2015",1,367461,5048242,"7.300284868935771","45.57329147910891",151,36,55,5,7,"Oxyria digyna",1166,304,NA,NA,NA
"11",3,"A  ",1,2,NA,"N ","SI e",41,"M","A","R",NA,244,2014-09-01,"2014",1,"14/07/2015",1,367461,5048242,"7.300284868935771","45.57329147910891",151,36,55,5,7,"Oxyria digyna",1166,304,NA,NA,NA
"11",60,"A",2,11,NA,"N","Eg/Fb",25,"F","G","NR",NA,246,2016-09-02,"2016",1,"14/07/2015",1,367461,5048242,"7.300284868935771","45.57329147910891",151,36,55,5,7,"Oxyria digyna",1166,304,NA,NA,NA
"11",1,"T",1,1,"1315302","N",NA,36,"F","A","NR",NA,243,2014-08-31,"2014",1,"14/07/2015",1,367461,5048242,"7.300284868935771","45.57329147910891",151,36,55,5,7,"Oxyria digyna",1166,304,NA,NA,NA
"11",52,"A",2,2,"1313807","N",NA,35,"F","A","R",NA,240,2015-08-28,"2015",1,"14/07/2015",1,367461,5048242,"7.300284868935771","45.57329147910891",151,36,55,5,7,"Oxyria digyna",1166,304,NA,NA,NA
"11",32,"T",1,14,NA,"R","buco C (eD)",28,"M","A","NR",NA,239,2017-08-27,"2017",1,"14/07/2015",1,367461,5048242,"7.300284868935771","45.57329147910891",151,36,55,5,7,"Oxyria digyna",1166,304,NA,NA,NA
"11",3,"A",1,2,NA,"N","D",40,"F","A","NR",NA,203,2018-07-22,"2018",1,"14/07/2015",1,367461,5048242,"7.300284868935771","45.57329147910891",151,36,55,5,7,"Oxyria digyna",1166,304,NA,NA,NA
"11",85,"A",2,15,NA,"N",NA,21,NA,"G","NR",NA,248,2016-09-04,"2016",1,"14/07/2015",1,367461,5048242,"7.300284868935771","45.57329147910891",151,36,55,5,7,"Oxyria digyna",1166,304,NA,NA,NA
"11",94,"A",2,17,NA,"N",NA,21,"M","G","NR",NA,249,2016-09-05,"2016",1,"14/07/2015",1,367461,5048242,"7.300284868935771","45.57329147910891",151,36,55,5,7,"Oxyria digyna",1166,304,NA,NA,NA
"11",109,"A",2,14,"1314797","R",NA,27,"M","G","NR",NA,246,2015-09-03,"2015",1,"14/07/2015",1,367461,5048242,"7.300284868935771","45.57329147910891",151,36,55,5,7,"Oxyria digyna",1166,304,NA,NA,NA
"11",30,"T",2,1,NA,"N","SENZA OCCHIO SIN",41,"F","A","NR",NA,238,2018-08-26,"2018",1,"14/07/2015",1,367461,5048242,"7.300284868935771","45.57329147910891",151,36,55,5,7,"Oxyria digyna",1166,304,NA,NA,NA
"12",53,"A",1,17,NA,"R","A/B/centro b",NA,"M","A","NR","ripreso dopo 5 min",241,2017-08-29,"2017",1,"14/07/2015",1,367453,5048243,"7.3001821127137925","45.573298950716456",82,65,90,30,14,"Graminacee",1037,298,NA,NA,NA
"12",6,"A",1,6,"1317018","N","E",43,"F","A","R",NA,198,2015-07-17,"2015",1,"14/07/2015",1,367453,5048243,"7.3001821127137925","45.573298950716456",82,65,90,30,14,"Graminacee",1037,298,NA,NA,NA
"12",133,"T",2,23,"1314797","R",NA,27,"M","G","NR",NA,250,2015-09-07,"2015",1,"14/07/2015",1,367453,5048243,"7.3001821127137925","45.573298950716456",82,65,90,30,14,"Graminacee",1037,298,NA,NA,NA
"12",11,"A",1,4,NA,"N","E-F",41,"M","A","R",NA,204,2018-07-23,"2018",1,"14/07/2015",1,367453,5048243,"7.3001821127137925","45.573298950716456",82,65,90,30,14,"Graminacee",1037,298,NA,NA,NA
"12",30,"T",2,2,NA,"N","A(dec)/Eg",35,"M","A","NR",NA,241,2016-08-28,"2016",1,"14/07/2015",1,367453,5048243,"7.3001821127137925","45.573298950716456",82,65,90,30,14,"Graminacee",1037,298,NA,NA,NA
"12",18,"A",1,8,NA,"N",NA,41,"M","A","NR","morto",206,2018-07-25,"2018",1,"14/07/2015",1,367453,5048243,"7.3001821127137925","45.573298950716456",82,65,90,30,14,"Graminacee",1037,298,NA,NA,NA
"12",2,"A",1,2,NA,NA,NA,NA,NA,NA,NA,NA,204,2016-07-22,"2016",1,"14/07/2015",1,367453,5048243,"7.3001821127137925","45.573298950716456",82,65,90,30,14,"Graminacee",1037,298,NA,NA,NA
"12",72,"T",2,5,"1314797","R",NA,25,"M","G","NR",NA,241,2015-08-29,"2015",1,"14/07/2015",1,367453,5048243,"7.3001821127137925","45.573298950716456",82,65,90,30,14,"Graminacee",1037,298,NA,NA,NA
"12",61,"T",2,3,"1314797","R",NA,26,"M","G","NR",NA,240,2015-08-28,"2015",1,"14/07/2015",1,367453,5048243,"7.3001821127137925","45.573298950716456",82,65,90,30,14,"Graminacee",1037,298,NA,NA,NA
"12",15,"A",1,12,"1313062","R",NA,44,"M","A","R",NA,201,2015-07-20,"2015",1,"14/07/2015",1,367453,5048243,"7.3001821127137925","45.573298950716456",82,65,90,30,14,"Graminacee",1037,298,NA,NA,NA
"13",21,"T",1,15,NA,"N",NA,36,"F","A",NA,"*era senza pelo vicino alla coda",210,2016-07-28,"2016",1,"14/07/2015",1,367445,5048241,"7.300080171018735","45.57327943129663",142,58,31,5,10,"Muschio",782,290,NA,NA,NA
"13",4,"A",1,2,NA,"N","C",49,"M","A","R",NA,203,2018-07-22,"2018",1,"14/07/2015",1,367445,5048241,"7.300080171018735","45.57327943129663",142,58,31,5,10,"Muschio",782,290,NA,NA,NA
"13",25,"T",1,15,NA,"N",NA,NA,NA,"G","NR",NA,202,2015-07-21,"2015",1,"14/07/2015",1,367445,5048241,"7.300080171018735","45.57327943129663",142,58,31,5,10,"Muschio",782,290,NA,NA,NA
"13",20,"A",1,14,NA,"N",NA,18,NA,"G","NR",NA,202,2015-07-21,"2015",1,"14/07/2015",1,367445,5048241,"7.300080171018735","45.57327943129663",142,58,31,5,10,"Muschio",782,290,NA,NA,NA
"13",17,"A",1,14,NA,"N",NA,46,"M","A",NA,NA,210,2016-07-28,"2016",1,"14/07/2015",1,367445,5048241,"7.300080171018735","45.57327943129663",142,58,31,5,10,"Muschio",782,290,NA,NA,NA
"13",93,"A",2,17,NA,"R","C/Dg",29,"M","A","NR","ricatturato dopo 5 min in ID 48",249,2016-09-05,"2016",1,"14/07/2015",1,367445,5048241,"7.300080171018735","45.57327943129663",142,58,31,5,10,"Muschio",782,290,NA,NA,NA
"13",43,"T",1,16,NA,"R","A/B/centro b",29,"M","A","NR",NA,240,2017-08-28,"2017",1,"14/07/2015",1,367445,5048241,"7.300080171018735","45.57327943129663",142,58,31,5,10,"Muschio",782,290,NA,NA,NA
"13",53,"A",2,2,"1314797","N",NA,25,"M","G","NR",NA,240,2015-08-28,"2015",1,"14/07/2015",1,367445,5048241,"7.300080171018735","45.57327943129663",142,58,31,5,10,"Muschio",782,290,NA,NA,NA
"14",29,"A",1,13,NA,"R?","buco centro e naso",30,"M","A","NR",NA,239,2017-08-27,"2017",1,"14/07/2015",1,367438,5048243,"7.299989953853158","45.573296090397044",270,37,35,50,21,"Graminacee",800,330,NA,NA,NA
"14",120,"T",2,17,"1314797","R",NA,27,"M","G","NR",NA,247,2015-09-04,"2015",1,"14/07/2015",1,367438,5048243,"7.299989953853158","45.573296090397044",270,37,35,50,21,"Graminacee",800,330,NA,NA,NA
"14",37,"A",1,18,NA,"N",NA,18,NA,"G","NR",NA,204,2015-07-23,"2015",1,"14/07/2015",1,367438,5048243,"7.299989953853158","45.573296090397044",270,37,35,50,21,"Graminacee",800,330,NA,NA,NA
"14",92,"A",2,17,NA,"N",NA,23,NA,"G","NR",NA,249,2016-09-05,"2016",1,"14/07/2015",1,367438,5048243,"7.299989953853158","45.573296090397044",270,37,35,50,21,"Graminacee",800,330,NA,NA,NA
"14",110,"A",2,14,NA,"N",NA,20,"F","G","NR",NA,246,2015-09-03,"2015",1,"14/07/2015",1,367438,5048243,"7.299989953853158","45.573296090397044",270,37,35,50,21,"Graminacee",800,330,NA,NA,NA
"14",40,"A",1,15,NA,"N","A/B/centro b",31,"M","A","NR",NA,240,2017-08-28,"2017",1,"14/07/2015",1,367438,5048243,"7.299989953853158","45.573296090397044",270,37,35,50,21,"Graminacee",800,330,NA,NA,NA
"14",93,"A",2,8,"1314797","R",NA,24,"M","G","NR",NA,243,2015-08-31,"2015",1,"14/07/2015",1,367438,5048243,"7.299989953853158","45.573296090397044",270,37,35,50,21,"Graminacee",800,330,NA,NA,NA
"14",24,"T",1,12,NA,"R","Fg",28,"M","A","NR",NA,238,2017-08-26,"2017",1,"14/07/2015",1,367438,5048243,"7.299989953853158","45.573296090397044",270,37,35,50,21,"Graminacee",800,330,NA,NA,NA
"14",88,"T",2,7,"1314797","R",NA,23,"M","G","NR",NA,242,2015-08-30,"2015",1,"14/07/2015",1,367438,5048243,"7.299989953853158","45.573296090397044",270,37,35,50,21,"Graminacee",800,330,NA,NA,NA
"14",126,"T",2,21,"1314797","R",NA,25,"M","G","NR",NA,249,2015-09-06,"2015",1,"14/07/2015",1,367438,5048243,"7.299989953853158","45.573296090397044",270,37,35,50,21,"Graminacee",800,330,NA,NA,NA
"15",20,"A",1,11,NA,"N","Fg",28,"M","A","NR",NA,238,2017-08-26,"2017",1,"14/07/2015",1,367428,5048235,"7.299864020373837","45.573222207520224",94,36,45,10,15,"Graminacee",1268,83,NA,NA,NA
"15",84,"A",2,15,NA,"R","C/Dg",30,"M","A","NR",NA,248,2016-09-04,"2016",1,"14/07/2015",1,367428,5048235,"7.299864020373837","45.573222207520224",94,36,45,10,15,"Graminacee",1268,83,NA,NA,NA
"15",123,"T",2,19,NA,"N",NA,23,NA,"G","NR",NA,248,2015-09-05,"2015",1,"14/07/2015",1,367428,5048235,"7.299864020373837","45.573222207520224",94,36,45,10,15,"Graminacee",1268,83,NA,NA,NA
"15",19,"A",1,14,NA,"N","A/C",46,"M","A","R",NA,202,2015-07-21,"2015",1,"14/07/2015",1,367428,5048235,"7.299864020373837","45.573222207520224",94,36,45,10,15,"Graminacee",1268,83,NA,NA,NA
"15",10,"A",1,12,NA,"N",NA,33,"F",NA,NA,NA,209,2016-07-27,"2016",1,"14/07/2015",1,367428,5048235,"7.299864020373837","45.573222207520224",94,36,45,10,15,"Graminacee",1268,83,NA,NA,NA
"15",106,"T",2,9,NA,"N",NA,NA,NA,"G","NR",NA,243,2015-08-31,"2015",1,"14/07/2015",1,367428,5048235,"7.299864020373837","45.573222207520224",94,36,45,10,15,"Graminacee",1268,83,NA,NA,NA
"15",18,"A",1,14,NA,"N",NA,32,"F",NA,NA,NA,210,2016-07-28,"2016",1,"14/07/2015",1,367428,5048235,"7.299864020373837","45.573222207520224",94,36,45,10,15,"Graminacee",1268,83,NA,NA,NA
"15",52,"A",1,17,NA,"R","centro basso buco",NA,"M","A","R","morto nel pomeriggio",241,2017-08-29,"2017",1,"14/07/2015",1,367428,5048235,"7.299864020373837","45.573222207520224",94,36,45,10,15,"Graminacee",1268,83,NA,NA,NA
"16",29,"A",1,16,"1317018","R","E",31,"F","A","R",NA,203,2015-07-22,"2015",1,"14/07/2015",1,367419,5048242,"7.2997468242414945","45.573283469885354",120,50,22,20,9,"Graminacee",553,148,NA,NA,NA
"16",27,"A",1,10,"1313426","R",NA,17,"F","G","NR",NA,248,2014-09-05,"2014",1,"14/07/2015",1,367419,5048242,"7.2997468242414945","45.573283469885354",120,50,22,20,9,"Graminacee",553,148,NA,NA,NA
"16",40,"T",2,4,NA,"N",NA,33,"M","A","NR",NA,242,2016-08-29,"2016",1,"14/07/2015",1,367419,5048242,"7.2997468242414945","45.573283469885354",120,50,22,20,9,"Graminacee",553,148,NA,NA,NA
"16",67,"A",2,4,"1313807","R",NA,29,"F","A","R",NA,241,2015-08-29,"2015",1,"14/07/2015",1,367419,5048242,"7.2997468242414945","45.573283469885354",120,50,22,20,9,"Graminacee",553,148,NA,NA,NA
"16",6,"T",1,9,"1315467","R",NA,NA,"F","A","NR",NA,207,2016-07-25,"2016",1,"14/07/2015",1,367419,5048242,"7.2997468242414945","45.573283469885354",120,50,22,20,9,"Graminacee",553,148,NA,NA,NA
"16",20,"A",1,10,NA,NA,NA,18,"M","G","NR",NA,248,2014-09-05,"2014",1,"14/07/2015",1,367419,5048242,"7.2997468242414945","45.573283469885354",120,50,22,20,9,"Graminacee",553,148,NA,NA,NA
"16",4,"A",1,8,NA,"N","Eb/Fg",42,"M","A","R",NA,207,2016-07-25,"2016",1,"14/07/2015",1,367419,5048242,"7.2997468242414945","45.573283469885354",120,50,22,20,9,"Graminacee",553,148,NA,NA,NA
"16",36,"A",1,18,"1313062","R",NA,43,"M","A","R",NA,204,2015-07-23,"2015",1,"14/07/2015",1,367419,5048242,"7.2997468242414945","45.573283469885354",120,50,22,20,9,"Graminacee",553,148,NA,NA,NA
"16",19,"A",1,11,NA,"N","A/Bb",25,"F","G","NR",NA,238,2017-08-26,"2017",1,"14/07/2015",1,367419,5048242,"7.2997468242414945","45.573283469885354",120,50,22,20,9,"Graminacee",553,148,NA,NA,NA
"16",54,"T",2,10,NA,"R","C/Dg",35,"M","A","NR",NA,245,2016-09-01,"2016",1,"14/07/2015",1,367419,5048242,"7.2997468242414945","45.573283469885354",120,50,22,20,9,"Graminacee",553,148,NA,NA,NA
"16",55,"A",2,2,NA,"N",NA,18,NA,"G","NR",NA,240,2015-08-28,"2015",1,"14/07/2015",1,367419,5048242,"7.2997468242414945","45.573283469885354",120,50,22,20,9,"Graminacee",553,148,NA,NA,NA
"17",28,"A",2,1,NA,"N",NA,NA,NA,"A",NA,"in fin di vita",241,2016-08-28,"2016",1,"14/07/2015",1,367411,5048239,"7.299645154322731","45.573254953103216",110,63,51,55,21,"Salix herbacea",911,108,NA,NA,NA
"17",25,"A",1,10,NA,"R","E-F",38,"M","A","R","morto",208,2018-07-27,"2018",1,"14/07/2015",1,367411,5048239,"7.299645154322731","45.573254953103216",110,63,51,55,21,"Salix herbacea",911,108,NA,NA,NA
"17",25,"T",1,12,NA,"R","A/Bb",23,"F","G","NR",NA,238,2017-08-26,"2017",1,"14/07/2015",1,367411,5048239,"7.299645154322731","45.573254953103216",110,63,51,55,21,"Salix herbacea",911,108,NA,NA,NA
"18",50,"A",1,17,NA,"R","A/B/centro b",28,"M","A","NR",NA,241,2017-08-29,"2017",1,"14/07/2015",1,367403,5048242,"7.299541854893784","45.57328041808627",67,64,105,5,11,"Graminacee",775,89,NA,NA,NA
"18",121,"T",2,17,"1313807","R",NA,29,"F","A","R",NA,247,2015-09-04,"2015",1,"14/07/2015",1,367403,5048242,"7.299541854893784","45.57328041808627",67,64,105,5,11,"Graminacee",775,89,NA,NA,NA
"18",127,"T",2,21,NA,"N",NA,29,"M","A","NR",NA,249,2015-09-06,"2015",1,"14/07/2015",1,367403,5048242,"7.299541854893784","45.57328041808627",67,64,105,5,11,"Graminacee",775,89,NA,NA,NA
"18",21,"A",1,10,"1313426","N",NA,19,"F","G","NR",NA,248,2014-09-05,"2014",1,"14/07/2015",1,367403,5048242,"7.299541854893784","45.57328041808627",67,64,105,5,11,"Graminacee",775,89,NA,NA,NA
"19",10,"A",1,4,NA,"N","B",38,"M","A","R",NA,204,2018-07-23,"2018",1,"14/07/2015",1,367395,5048240,"7.299439913470604","45.57326089809844",51,105,66,55,24,"Graminacee",1212,103,NA,NA,NA
"19",9,"A",1,8,NA,"N","D",18,NA,"G","NR",NA,199,2015-07-18,"2015",1,"14/07/2015",1,367395,5048240,"7.299439913470604","45.57326089809844",51,105,66,55,24,"Graminacee",1212,103,NA,NA,NA
"19",26,"T",1,11,NA,"R","E-F",31,"F","A","R",NA,209,2018-07-28,"2018",1,"14/07/2015",1,367395,5048240,"7.299439913470604","45.57326089809844",51,105,66,55,24,"Graminacee",1212,103,NA,NA,NA
"19",4,"A",1,6,"1313062","R",NA,44,"M","A","R",NA,198,2015-07-17,"2015",1,"14/07/2015",1,367395,5048240,"7.299439913470604","45.57326089809844",51,105,66,55,24,"Graminacee",1212,103,NA,NA,NA
"19",100,"T",2,9,"1314797","R",NA,23,"M","G","NR",NA,243,2015-08-31,"2015",1,"14/07/2015",1,367395,5048240,"7.299439913470604","45.57326089809844",51,105,66,55,24,"Graminacee",1212,103,NA,NA,NA
"19",73,"T",2,5,"1314106","R",NA,35,"M","A","R",NA,241,2015-08-29,"2015",1,"14/07/2015",1,367395,5048240,"7.299439913470604","45.57326089809844",51,105,66,55,24,"Graminacee",1212,103,NA,NA,NA
"19",17,"A",1,8,NA,"R","A-B",44,"M","A","R",NA,206,2018-07-25,"2018",1,"14/07/2015",1,367395,5048240,"7.299439913470604","45.57326089809844",51,105,66,55,24,"Graminacee",1212,103,NA,NA,NA
"19",3,"A",1,4,"1313062","R",NA,45,"M","A","R",NA,197,2015-07-16,"2015",1,"14/07/2015",1,367395,5048240,"7.299439913470604","45.57326089809844",51,105,66,55,24,"Graminacee",1212,103,NA,NA,NA
"19",79,"A",2,6,"1313807","R",NA,29,"F","A","R",NA,242,2015-08-30,"2015",1,"14/07/2015",1,367395,5048240,"7.299439913470604","45.57326089809844",51,105,66,55,24,"Graminacee",1212,103,NA,NA,NA
"19",117,"A",2,14,"1314797","R",NA,27,"M","G","NR",NA,246,2015-09-03,"2015",1,"14/07/2015",1,367395,5048240,"7.299439913470604","45.57326089809844",51,105,66,55,24,"Graminacee",1212,103,NA,NA,NA
"19",12,"T",1,5,NA,"N","C-D",40,"M","A","NR",NA,204,2018-07-23,"2018",1,"14/07/2015",1,367395,5048240,"7.299439913470604","45.57326089809844",51,105,66,55,24,"Graminacee",1212,103,NA,NA,NA
"19",73,"A",2,13,NA,"R","C/Dg",31,"M","A","NR","orecchio",247,2016-09-03,"2016",1,"14/07/2015",1,367395,5048240,"7.299439913470604","45.57326089809844",51,105,66,55,24,"Graminacee",1212,103,NA,NA,NA
"2",32,"A",2,3,NA,"N","E/F/centro g",23,NA,"G","NR",NA,242,2016-08-29,"2016",1,"14/07/2015",1,367395,5048256,"7.299435567549568","45.57340484970021",176,42,76,35,16,"Graminacee",920,264,NA,NA,NA
"2",13,"A",1,6,"1314305","R",NA,51,"M","A","R",NA,246,2014-09-03,"2014",1,"14/07/2015",1,367395,5048256,"7.299435567549568","45.57340484970021",176,42,76,35,16,"Graminacee",920,264,NA,NA,NA
"2",87,"T",2,16,NA,"N",NA,24,NA,"G","NR",NA,248,2016-09-04,"2016",1,"14/07/2015",1,367395,5048256,"7.299435567549568","45.57340484970021",176,42,76,35,16,"Graminacee",920,264,NA,NA,NA
"2",52,"T",2,7,NA,"N",NA,25,"M","G","NR",NA,242,2018-08-30,"2018",1,"14/07/2015",1,367395,5048256,"7.299435567549568","45.57340484970021",176,42,76,35,16,"Graminacee",920,264,NA,NA,NA
"2",46,"A",2,9,NA,"N","C/Eb",20,NA,"G","NR",NA,245,2016-09-01,"2016",1,"14/07/2015",1,367395,5048256,"7.299435567549568","45.57340484970021",176,42,76,35,16,"Graminacee",920,264,NA,NA,NA
"2",13,"A",1,12,NA,"N",NA,36,NA,"A",NA,NA,201,2015-07-20,"2015",1,"14/07/2015",1,367395,5048256,"7.299435567549568","45.57340484970021",176,42,76,35,16,"Graminacee",920,264,NA,NA,NA
"2",26,"A",2,1,NA,"N","A/C g",21,NA,"G","NR",NA,241,2016-08-28,"2016",1,"14/07/2015",1,367395,5048256,"7.299435567549568","45.57340484970021",176,42,76,35,16,"Graminacee",920,264,NA,NA,NA
"2",44,"A",2,6,NA,"N",NA,28,"F","G","NR",NA,241,2018-08-29,"2018",1,"14/07/2015",1,367395,5048256,"7.299435567549568","45.57340484970021",176,42,76,35,16,"Graminacee",920,264,NA,NA,NA
"2",91,"A",2,17,NA,"N",NA,24,NA,"G","NR",NA,249,2016-09-05,"2016",1,"14/07/2015",1,367395,5048256,"7.299435567549568","45.57340484970021",176,42,76,35,16,"Graminacee",920,264,NA,NA,NA
"2",82,"A",2,15,NA,"N",NA,32,NA,"G","NR",NA,248,2016-09-04,"2016",1,"14/07/2015",1,367395,5048256,"7.299435567549568","45.57340484970021",176,42,76,35,16,"Graminacee",920,264,NA,NA,NA
"2",14,"T",1,13,NA,"N",NA,42,"F","A","NR",NA,209,2016-07-27,"2016",1,"14/07/2015",1,367395,5048256,"7.299435567549568","45.57340484970021",176,42,76,35,16,"Graminacee",920,264,NA,NA,NA
"2",24,"A",1,16,NA,"N",NA,43,"M",NA,NA,NA,211,2016-07-29,"2016",1,"14/07/2015",1,367395,5048256,"7.299435567549568","45.57340484970021",176,42,76,35,16,"Graminacee",920,264,NA,NA,NA
"2",13,"T",1,5,NA,"R","F",33,"F","A","NR",NA,204,2018-07-23,"2018",1,"14/07/2015",1,367395,5048256,"7.299435567549568","45.57340484970021",176,42,76,35,16,"Graminacee",920,264,NA,NA,NA
"20",9,"A",1,4,NA,"N","F",42,"F","A","NR",NA,204,2018-07-23,"2018",1,"14/07/2015",1,367385,5048242,"7.299311264416942","45.57327698437289",98,53,16,45,29,"Graminacee",1084,74,NA,NA,NA
"20",38,"A",2,4,NA,"R","A piccolo",35,"F","A","R",NA,240,2018-08-28,"2018",1,"14/07/2015",1,367385,5048242,"7.299311264416942","45.57327698437289",98,53,16,45,29,"Graminacee",1084,74,NA,NA,NA
"20",16,"T",1,7,NA,"N","E-F",41,"M","A","R",NA,205,2018-07-24,"2018",1,"14/07/2015",1,367385,5048242,"7.299311264416942","45.57327698437289",98,53,16,45,29,"Graminacee",1084,74,NA,NA,NA
"20",3,"A",2,4,NA,"N",NA,27,"F",NA,"NR",NA,239,2019-08-27,"2019",1,"14/07/2015",1,367385,5048242,"7.299311264416942","45.57327698437289",98,53,16,45,29,"Graminacee",1084,74,NA,NA,NA
"20",24,"A",1,10,NA,"R","SENZA OCCHIO SIN",39,"F","A","NR",NA,208,2018-07-27,"2018",1,"14/07/2015",1,367385,5048242,"7.299311264416942","45.57327698437289",98,53,16,45,29,"Graminacee",1084,74,NA,NA,NA
"20",21,"T",1,9,NA,"N","E-F",36,"F","A","R",NA,206,2018-07-25,"2018",1,"14/07/2015",1,367385,5048242,"7.299311264416942","45.57327698437289",98,53,16,45,29,"Graminacee",1084,74,NA,NA,NA
"21",95,"A",2,17,NA,"R",NA,30,"M","A","NR",NA,249,2016-09-05,"2016",1,"14/07/2015",1,367376,5048244,"7.299195425877636","45.57329326128984",75,81,70,45,26,"Graminacee",819,89,NA,NA,NA
"23",128,"T",2,21,NA,"N",NA,19,NA,"G","NR",NA,249,2015-09-06,"2015",1,"14/07/2015",1,367357,5048243,"7.298952296505408","45.57328063908912",51,176,39,20,16,"Muschio",1381,74,NA,NA,NA
"23",5,"A",1,6,NA,"N","F",36,"F","A","NR",NA,198,2015-07-17,"2015",1,"14/07/2015",1,367357,5048243,"7.298952296505408","45.57328063908912",51,176,39,20,16,"Muschio",1381,74,NA,NA,NA
"23",23,"A",1,16,NA,"N",NA,40,"F",NA,NA,NA,211,2016-07-29,"2016",1,"14/07/2015",1,367357,5048243,"7.298952296505408","45.57328063908912",51,176,39,20,16,"Muschio",1381,74,NA,NA,NA
"23",131,"T",2,23,NA,"N",NA,19,NA,"G","NR",NA,250,2015-09-07,"2015",1,"14/07/2015",1,367357,5048243,"7.298952296505408","45.57328063908912",51,176,39,20,16,"Muschio",1381,74,NA,NA,NA
"23",9,"T",1,8,NA,NA,NA,NA,NA,NA,NA,NA,236,2017-08-24,"2017",1,"14/07/2015",1,367357,5048243,"7.298952296505408","45.57328063908912",51,176,39,20,16,"Muschio",1381,74,NA,NA,NA
"23",11,"T",1,10,NA,"N","centrog",42,"M","A","NR",NA,237,2017-08-25,"2017",1,"14/07/2015",1,367357,5048243,"7.298952296505408","45.57328063908912",51,176,39,20,16,"Muschio",1381,74,NA,NA,NA
"23",30,"A",1,13,NA,"R","centrog",35,"M","A","NR",NA,239,2017-08-27,"2017",1,"14/07/2015",1,367357,5048243,"7.298952296505408","45.57328063908912",51,176,39,20,16,"Muschio",1381,74,NA,NA,NA
"23",43,"T",2,4,NA,"R","E/F/centro g",23,NA,"G","NR",NA,242,2016-08-29,"2016",1,"14/07/2015",1,367357,5048243,"7.298952296505408","45.57328063908912",51,176,39,20,16,"Muschio",1381,74,NA,NA,NA
"23",1,"T",1,1,"1313062","N",NA,43,"M","A","R",NA,195,2015-07-14,"2015",1,"14/07/2015",1,367357,5048243,"7.298952296505408","45.57328063908912",51,176,39,20,16,"Muschio",1381,74,NA,NA,NA
"23",5,"A",1,2,NA,"N","A",31,"M","G","R",NA,203,2018-07-22,"2018",1,"14/07/2015",1,367357,5048243,"7.298952296505408","45.57328063908912",51,176,39,20,16,"Muschio",1381,74,NA,NA,NA
"23",58,"A",1,17,NA,"R","centro buco",35,"M","A","NR",NA,241,2017-08-29,"2017",1,"14/07/2015",1,367357,5048243,"7.298952296505408","45.57328063908912",51,176,39,20,16,"Muschio",1381,74,NA,NA,NA
"24",3,"A",1,2,NA,NA,NA,NA,NA,NA,NA,NA,204,2016-07-22,"2016",1,"14/07/2015",1,367343,5048244,"7.298772676681575","45.57328696450983",301,168,34,10,17,"Graminacee",943,69,NA,NA,NA
"24",56,"A",2,8,NA,"N",NA,28,"F","G","NR",NA,243,2018-08-31,"2018",1,"14/07/2015",1,367343,5048244,"7.298772676681575","45.57328696450983",301,168,34,10,17,"Graminacee",943,69,NA,NA,NA
"24",59,"T",2,9,NA,NA,NA,NA,NA,NA,NA,"morto per ermellino",245,2018-09-02,"2018",1,"14/07/2015",1,367343,5048244,"7.298772676681575","45.57328696450983",301,168,34,10,17,"Graminacee",943,69,NA,NA,NA
"25",54,"A",1,17,NA,"R?","A/F buchi",15,"M","G","NR",NA,241,2017-08-29,"2017",1,"14/07/2015",1,367334,5048247,"7.298656566237359","45.57331223784936",212,308,52,60,29,"Graminacee",762,74,NA,NA,NA
"26",43,"A",1,20,NA,"N",NA,18,NA,"G","NR",NA,205,2015-07-24,"2015",1,"16/07/2015",5,367329,5048242,"7.298593872088718","45.57326629873367",63,52,40,40,21,"Graminacee",926,78,NA,NA,NA
"26",6,"T",1,3,"1314305","N",NA,45,"M","A","R",NA,244,2014-09-01,"2014",1,"16/07/2015",5,367329,5048242,"7.298593872088718","45.57326629873367",63,52,40,40,21,"Graminacee",926,78,NA,NA,NA
"26",35,"A",2,3,"1314988","N",NA,40,"M","A","NR",NA,242,2016-08-29,"2016",1,"16/07/2015",5,367329,5048242,"7.298593872088718","45.57326629873367",63,52,40,40,21,"Graminacee",926,78,NA,NA,NA
"26",29,"A",2,1,NA,"N","A/B g",24,NA,"G","NR",NA,241,2016-08-28,"2016",1,"16/07/2015",5,367329,5048242,"7.298593872088718","45.57326629873367",63,52,40,40,21,"Graminacee",926,78,NA,NA,NA
"26",26,"T",1,15,NA,"N",NA,NA,NA,"G","NR",NA,202,2015-07-21,"2015",1,"16/07/2015",5,367329,5048242,"7.298593872088718","45.57326629873367",63,52,40,40,21,"Graminacee",926,78,NA,NA,NA
"26",10,"A",1,4,"1314112","N","NA ",41,"M","A","NR",NA,245,2014-09-02,"2014",1,"16/07/2015",5,367329,5048242,"7.298593872088718","45.57326629873367",63,52,40,40,21,"Graminacee",926,78,NA,NA,NA
"26",22,"A",1,10,"1314112","R",NA,32,"M","A","NR",NA,248,2014-09-05,"2014",1,"16/07/2015",5,367329,5048242,"7.298593872088718","45.57326629873367",63,52,40,40,21,"Graminacee",926,78,NA,NA,NA
"27",34,"A",2,2,NA,"N","A",41,"M","A","NR",NA,239,2018-08-27,"2018",1,"16/07/2015",5,367341,5048230,"7.298750859728846","45.573160625227636",80,105,172,35,24,"Graminacee",646,112,NA,NA,NA
"28",50,"T",2,1,NA,"N","A/E",35,"M","A","NR",NA,239,2015-08-27,"2015",1,"16/07/2015",5,367348,5048230,"7.298840533586957","45.57316196105319",117,66,91,45,26,"Alchemilla alpina",731,76,NA,NA,NA
"28",39,"A",2,4,NA,"N",NA,28,"M","G","NR",NA,240,2018-08-28,"2018",1,"16/07/2015",5,367348,5048230,"7.298840533586957","45.57316196105319",117,66,91,45,26,"Alchemilla alpina",731,76,NA,NA,NA
"28",57,"T",2,10,NA,"R","D/Fg",24,NA,"G","NR",NA,245,2016-09-01,"2016",1,"16/07/2015",5,367348,5048230,"7.298840533586957","45.57316196105319",117,66,91,45,26,"Alchemilla alpina",731,76,NA,NA,NA
"28",64,"A",2,11,NA,"N","A/Eg/ Cb",25,NA,"G","NR",NA,246,2016-09-02,"2016",1,"16/07/2015",5,367348,5048230,"7.298840533586957","45.57316196105319",117,66,91,45,26,"Alchemilla alpina",731,76,NA,NA,NA
"28",11,"A",1,12,NA,"N",NA,38,"M",NA,NA,NA,209,2016-07-27,"2016",1,"16/07/2015",5,367348,5048230,"7.298840533586957","45.57316196105319",117,66,91,45,26,"Alchemilla alpina",731,76,NA,NA,NA
"28",22,"A",1,11,NA,"N","crentrob",15,"F","G","NR",NA,238,2017-08-26,"2017",1,"16/07/2015",5,367348,5048230,"7.298840533586957","45.57316196105319",117,66,91,45,26,"Alchemilla alpina",731,76,NA,NA,NA
"28",1,"A",1,2,NA,"N","A (dec)",37,"M","A",NA,NA,204,2016-07-22,"2016",1,"16/07/2015",5,367348,5048230,"7.298840533586957","45.57316196105319",117,66,91,45,26,"Alchemilla alpina",731,76,NA,NA,NA
"28",84,"A",2,6,"1312250","R","A/E",28,"M","A","NR",NA,242,2015-08-30,"2015",1,"16/07/2015",5,367348,5048230,"7.298840533586957","45.57316196105319",117,66,91,45,26,"Alchemilla alpina",731,76,NA,NA,NA
"29",21,"A",1,11,NA,"N","A/C/Eb",15,"M","G","NR",NA,238,2017-08-26,"2017",1,"16/07/2015",5,367355,5048228,"7.298930750850105","45.573145302862315",93,80,64,45,22,"Graminacee",705,95,NA,NA,NA
"29",8,"T",1,6,NA,"R","B/Fg",12,"M","G","NR",NA,235,2017-08-23,"2017",1,"16/07/2015",5,367355,5048228,"7.298930750850105","45.573145302862315",93,80,64,45,22,"Graminacee",705,95,NA,NA,NA
"29",81,"A",2,15,NA,"R","ID50",20,NA,"G","NR",NA,248,2016-09-04,"2016",1,"16/07/2015",5,367355,5048228,"7.298930750850105","45.573145302862315",93,80,64,45,22,"Graminacee",705,95,NA,NA,NA
"29",63,"T",2,3,"1314691","R","F",35,"F","A","NR",NA,240,2015-08-28,"2015",1,"16/07/2015",5,367355,5048228,"7.298930750850105","45.573145302862315",93,80,64,45,22,"Graminacee",705,95,NA,NA,NA
"29",2,"A",1,8,NA,"N",NA,39,"F","A","NR",NA,210,2019-07-29,"2019",1,"16/07/2015",5,367355,5048228,"7.298930750850105","45.573145302862315",93,80,64,45,22,"Graminacee",705,95,NA,NA,NA
"29",11,"T",1,5,"1314305","R",NA,48,"M","A","NR",NA,245,2014-09-02,"2014",1,"16/07/2015",5,367355,5048228,"7.298930750850105","45.573145302862315",93,80,64,45,22,"Graminacee",705,95,NA,NA,NA
"29",24,"A",1,14,NA,"N",NA,17,NA,"G","NR",NA,202,2015-07-21,"2015",1,"16/07/2015",5,367355,5048228,"7.298930750850105","45.573145302862315",93,80,64,45,22,"Graminacee",705,95,NA,NA,NA
"29",51,"T",2,1,NA,"N","A",39,NA,"A",NA,NA,239,2015-08-27,"2015",1,"16/07/2015",5,367355,5048228,"7.298930750850105","45.573145302862315",93,80,64,45,22,"Graminacee",705,95,NA,NA,NA
"3",88,"T",2,16,NA,"N",NA,24,NA,"G","NR",NA,248,2016-09-04,"2016",1,"14/07/2015",1,367400,5048260,"7.299498534160594","45.57344179138952",51,88,62,25,13,"Graminacee",891,249,NA,NA,NA
"3",20,"A",1,8,NA,"R","E-F/A",42,"M","A","R",NA,206,2018-07-25,"2018",1,"14/07/2015",1,367400,5048260,"7.299498534160594","45.57344179138952",51,88,62,25,13,"Graminacee",891,249,NA,NA,NA
"3",56,"T",2,10,NA,"R","C/Eb",24,NA,"G","NR",NA,245,2016-09-01,"2016",1,"14/07/2015",1,367400,5048260,"7.299498534160594","45.57344179138952",51,88,62,25,13,"Graminacee",891,249,NA,NA,NA
"3",97,"A",2,17,NA,"N",NA,20,NA,"G","NR",NA,249,2016-09-05,"2016",1,"14/07/2015",1,367400,5048260,"7.299498534160594","45.57344179138952",51,88,62,25,13,"Graminacee",891,249,NA,NA,NA
"3",53,"T",2,7,NA,"N",NA,18,"M","G","NR",NA,242,2018-08-30,"2018",1,"14/07/2015",1,367400,5048260,"7.299498534160594","45.57344179138952",51,88,62,25,13,"Graminacee",891,249,NA,NA,NA
"3",119,"T",2,17,NA,"N",NA,17,NA,"G","NR",NA,247,2015-09-04,"2015",1,"14/07/2015",1,367400,5048260,"7.299498534160594","45.57344179138952",51,88,62,25,13,"Graminacee",891,249,NA,NA,NA
"3",118,"A",2,14,NA,"N",NA,18,NA,"G","NR",NA,246,2015-09-03,"2015",1,"14/07/2015",1,367400,5048260,"7.299498534160594","45.57344179138952",51,88,62,25,13,"Graminacee",891,249,NA,NA,NA
"3",66,"A",2,4,"1314106","R",NA,32,"M","A","R",NA,241,2015-08-29,"2015",1,"14/07/2015",1,367400,5048260,"7.299498534160594","45.57344179138952",51,88,62,25,13,"Graminacee",891,249,NA,NA,NA
"3",31,"T",2,2,NA,"R","Bg",38,"M","A","NR",NA,241,2016-08-28,"2016",1,"14/07/2015",1,367400,5048260,"7.299498534160594","45.57344179138952",51,88,62,25,13,"Graminacee",891,249,NA,NA,NA
"30",44,"A",1,20,"1314691","R","F",36,"F","A","NR",NA,205,2015-07-24,"2015",1,"16/07/2015",5,367365,5048228,"7.299058856340744","45.57314721096076",295,61,56,35,27,"Graminacee",1336,97,NA,NA,NA
"30",28,"A",1,12,"1314305","R",NA,40,"M","A","R",NA,249,2014-09-06,"2014",1,"16/07/2015",5,367365,5048228,"7.299058856340744","45.57314721096076",295,61,56,35,27,"Graminacee",1336,97,NA,NA,NA
"30",19,"A",1,14,"1315467","R",NA,NA,"F","A","NR",NA,210,2016-07-28,"2016",1,"16/07/2015",5,367365,5048228,"7.299058856340744","45.57314721096076",295,61,56,35,27,"Graminacee",1336,97,NA,NA,NA
"30",32,"A",2,2,NA,"N",NA,25,"M","G","NR",NA,239,2018-08-27,"2018",1,"16/07/2015",5,367365,5048228,"7.299058856340744","45.57314721096076",295,61,56,35,27,"Graminacee",1336,97,NA,NA,NA
"30",98,"A",2,17,NA,"R","ID 50",22,"M","G","NR",NA,249,2016-09-05,"2016",1,"16/07/2015",5,367365,5048228,"7.299058856340744","45.57314721096076",295,61,56,35,27,"Graminacee",1336,97,NA,NA,NA
"30",3,"A",1,3,NA,"N","Eg",12,NA,"G","NR",NA,234,2017-08-22,"2017",1,"16/07/2015",5,367365,5048228,"7.299058856340744","45.57314721096076",295,61,56,35,27,"Graminacee",1336,97,NA,NA,NA
"30",65,"A",2,11,"1314988","R",NA,37,"M","A","NR","ricatturato dopo 5 min nella trp. 32 per 2 voltr",246,2016-09-02,"2016",1,"16/07/2015",5,367365,5048228,"7.299058856340744","45.57314721096076",295,61,56,35,27,"Graminacee",1336,97,NA,NA,NA
"30",57,"A",1,17,NA,"R","centro basso g",14,"F","G","NR",NA,241,2017-08-29,"2017",1,"16/07/2015",5,367365,5048228,"7.299058856340744","45.57314721096076",295,61,56,35,27,"Graminacee",1336,97,NA,NA,NA
"31",48,"T",2,7,NA,"N","B",36,"F","A","R",NA,241,2018-08-29,"2018",1,"14/07/2015",5,367369,5048231,"7.299109283528122","45.57317496508148",440,44,56,15,15,"Graminacee",731,84,NA,NA,NA
"31",46,"A",1,20,NA,"N",NA,18,NA,"G","NR",NA,205,2015-07-24,"2015",1,"14/07/2015",5,367369,5048231,"7.299109283528122","45.57317496508148",440,44,56,15,15,"Graminacee",731,84,NA,NA,NA
"31",34,"T",1,17,NA,"N",NA,19,NA,"G","NR",NA,203,2015-07-22,"2015",1,"14/07/2015",5,367369,5048231,"7.299109283528122","45.57317496508148",440,44,56,15,15,"Graminacee",731,84,NA,NA,NA
"31",66,"A",2,11,NA,"R","Bb",24,NA,"G","NR",NA,246,2016-09-02,"2016",1,"14/07/2015",5,367369,5048231,"7.299109283528122","45.57317496508148",440,44,56,15,15,"Graminacee",731,84,NA,NA,NA
"31",64,"T",2,3,"1312250","R","A/E",30,"M","A","NR",NA,240,2015-08-28,"2015",1,"14/07/2015",5,367369,5048231,"7.299109283528122","45.57317496508148",440,44,56,15,15,"Graminacee",731,84,NA,NA,NA
"31",44,"A",2,9,NA,"N","D/Fg",20,NA,"G","NR",NA,245,2016-09-01,"2016",1,"14/07/2015",5,367369,5048231,"7.299109283528122","45.57317496508148",440,44,56,15,15,"Graminacee",731,84,NA,NA,NA
"31",35,"A",1,14,"1314112","R",NA,29,"M","A","NR",NA,250,2014-09-07,"2014",1,"14/07/2015",5,367369,5048231,"7.299109283528122","45.57317496508148",440,44,56,15,15,"Graminacee",731,84,NA,NA,NA
"31",35,"A",1,15,NA,"N","B/centro b",25,"M","A","NR",NA,240,2017-08-28,"2017",1,"14/07/2015",5,367369,5048231,"7.299109283528122","45.57317496508148",440,44,56,15,15,"Graminacee",731,84,NA,NA,NA
"31",71,"A",2,13,"1314988","R",NA,37,"M","A","NR","ricatturato dopo 10 min nella trap. 30",247,2016-09-03,"2016",1,"14/07/2015",5,367369,5048231,"7.299109283528122","45.57317496508148",440,44,56,15,15,"Graminacee",731,84,NA,NA,NA
"31",58,"T",2,10,NA,"N",NA,26,"F","G","NR",NA,245,2016-09-01,"2016",1,"14/07/2015",5,367369,5048231,"7.299109283528122","45.57317496508148",440,44,56,15,15,"Graminacee",731,84,NA,NA,NA
"31",31,"T",1,14,NA,"R","centro basso g",15,"F","G","NR",NA,239,2017-08-27,"2017",1,"14/07/2015",5,367369,5048231,"7.299109283528122","45.57317496508148",440,44,56,15,15,"Graminacee",731,84,NA,NA,NA
"31",105,"T",2,9,"1312250","R","A/E",26,"M","A","NR",NA,243,2015-08-31,"2015",1,"14/07/2015",5,367369,5048231,"7.299109283528122","45.57317496508148",440,44,56,15,15,"Graminacee",731,84,NA,NA,NA
"31",37,"A",1,15,NA,"R","centro basso g",16,"F","G","NR",NA,240,2017-08-28,"2017",1,"14/07/2015",5,367369,5048231,"7.299109283528122","45.57317496508148",440,44,56,15,15,"Graminacee",731,84,NA,NA,NA
"32",12,"A",1,8,NA,"N","A/C",39,"M","A","NR",NA,199,2015-07-18,"2015",1,"16/07/2015",5,367379,5048223,"7.29923956229858","45.57310489718483",104,147,37,5,7,"Muschio",752,62,NA,NA,NA
"32",60,"A",2,2,NA,NA,NA,NA,"M","A","R",NA,240,2015-08-28,"2015",1,"16/07/2015",5,367379,5048223,"7.29923956229858","45.57310489718483",104,147,37,5,7,"Muschio",752,62,NA,NA,NA
"32",90,"T",2,16,NA,"R","ID 50",24,NA,"G","NR",NA,248,2016-09-04,"2016",1,"16/07/2015",5,367379,5048223,"7.29923956229858","45.57310489718483",104,147,37,5,7,"Muschio",752,62,NA,NA,NA
"32",9,"T",1,11,"1315467","R",NA,NA,"F","A","NR",NA,208,2016-07-26,"2016",1,"16/07/2015",5,367379,5048223,"7.29923956229858","45.57310489718483",104,147,37,5,7,"Muschio",752,62,NA,NA,NA
"32",56,"A",1,17,NA,"R","B/centro b",28,"M","A","NR",NA,241,2017-08-29,"2017",1,"16/07/2015",5,367379,5048223,"7.29923956229858","45.57310489718483",104,147,37,5,7,"Muschio",752,62,NA,NA,NA
"32",80,"A",2,15,"1314988","R",NA,NA,"M","A","NR","morto",248,2016-09-04,"2016",1,"16/07/2015",5,367379,5048223,"7.29923956229858","45.57310489718483",104,147,37,5,7,"Muschio",752,62,NA,NA,NA
"32",38,"A",1,15,NA,"N","C/Eg",16,"M","G","NR",NA,240,2017-08-28,"2017",1,"16/07/2015",5,367379,5048223,"7.29923956229858","45.57310489718483",104,147,37,5,7,"Muschio",752,62,NA,NA,NA
"32",45,"A",2,9,"1314988","R",NA,40,"M","A","NR",NA,245,2016-09-01,"2016",1,"16/07/2015",5,367379,5048223,"7.29923956229858","45.57310489718483",104,147,37,5,7,"Muschio",752,62,NA,NA,NA
"32",22,"A",1,16,"1315467","R",NA,NA,"F","A","NR",NA,211,2016-07-29,"2016",1,"16/07/2015",5,367379,5048223,"7.29923956229858","45.57310489718483",104,147,37,5,7,"Muschio",752,62,NA,NA,NA
"32",12,"A",1,12,"1315467","R",NA,NA,"F","A","NR",NA,209,2016-07-27,"2016",1,"16/07/2015",5,367379,5048223,"7.29923956229858","45.57310489718483",104,147,37,5,7,"Muschio",752,62,NA,NA,NA
"32",23,"T",1,12,NA,"N","centro basso g",15,"F","G","NR",NA,238,2017-08-26,"2017",1,"16/07/2015",5,367379,5048223,"7.29923956229858","45.57310489718483",104,147,37,5,7,"Muschio",752,62,NA,NA,NA
"32",79,"T",2,14,NA,"R","ID 50",24,NA,"G","NR",NA,247,2016-09-03,"2016",1,"16/07/2015",5,367379,5048223,"7.29923956229858","45.57310489718483",104,147,37,5,7,"Muschio",752,62,NA,NA,NA
"32",27,"A",1,13,NA,"N","centro alto/basso b",15,"F","G","NR",NA,239,2017-08-27,"2017",1,"16/07/2015",5,367379,5048223,"7.29923956229858","45.57310489718483",104,147,37,5,7,"Muschio",752,62,NA,NA,NA
"32",99,"A",2,17,"1313472","N",NA,25,"F","A","NR",NA,249,2016-09-05,"2016",1,"16/07/2015",5,367379,5048223,"7.29923956229858","45.57310489718483",104,147,37,5,7,"Muschio",752,62,NA,NA,NA
"32",46,"T",1,16,NA,"R","C/Eg",16,"M","G","NR",NA,240,2017-08-28,"2017",1,"16/07/2015",5,367379,5048223,"7.29923956229858","45.57310489718483",104,147,37,5,7,"Muschio",752,62,NA,NA,NA
"32",70,"T",2,12,NA,"N","B/Fb /Dg",25,"F","G","NR",NA,246,2016-09-02,"2016",1,"16/07/2015",5,367379,5048223,"7.29923956229858","45.57310489718483",104,147,37,5,7,"Muschio",752,62,NA,NA,NA
"33",43,"A",2,6,NA,"N",NA,29,"F","G","NR",NA,241,2018-08-29,"2018",1,"16/07/2015",5,367382,5048217,"7.299279623781209","45.57305148767655",105,89,74,40,19,"Saxifraga",858,48,NA,NA,NA
"33",6,"A",1,2,NA,"N",NA,26,"M","G","NR","morto",203,2018-07-22,"2018",1,"16/07/2015",5,367382,5048217,"7.299279623781209","45.57305148767655",105,89,74,40,19,"Saxifraga",858,48,NA,NA,NA
"33",114,"A",2,14,"1315467","R",NA,27,"F","A","NR",NA,246,2015-09-03,"2015",1,"16/07/2015",5,367382,5048217,"7.299279623781209","45.57305148767655",105,89,74,40,19,"Saxifraga",858,48,NA,NA,NA
"33",23,"A",1,14,NA,"N","A",22,NA,"G","NR",NA,202,2015-07-21,"2015",1,"16/07/2015",5,367382,5048217,"7.299279623781209","45.57305148767655",105,89,74,40,19,"Saxifraga",858,48,NA,NA,NA
"33",54,"A",2,8,NA,"N",NA,25,"F","G","NR",NA,243,2018-08-31,"2018",1,"16/07/2015",5,367382,5048217,"7.299279623781209","45.57305148767655",105,89,74,40,19,"Saxifraga",858,48,NA,NA,NA
"33",5,"A",1,8,"1315467","R","g",35,"F","A","NR",NA,207,2016-07-25,"2016",1,"16/07/2015",5,367382,5048217,"7.299279623781209","45.57305148767655",105,89,74,40,19,"Saxifraga",858,48,NA,NA,NA
"33",8,"A",1,10,NA,"N","Cg/Ep",38,"M","A","NR",NA,208,2016-07-26,"2016",1,"16/07/2015",5,367382,5048217,"7.299279623781209","45.57305148767655",105,89,74,40,19,"Saxifraga",858,48,NA,NA,NA
"33",41,"T",2,5,NA,"N",NA,31,"M","G","NR",NA,240,2018-08-28,"2018",1,"16/07/2015",5,367382,5048217,"7.299279623781209","45.57305148767655",105,89,74,40,19,"Saxifraga",858,48,NA,NA,NA
"33",5,"T",1,4,NA,"R","Eg",12,NA,"G","NR",NA,234,2017-08-22,"2017",1,"16/07/2015",5,367382,5048217,"7.299279623781209","45.57305148767655",105,89,74,40,19,"Saxifraga",858,48,NA,NA,NA
"33",18,"A",1,12,"1315296","N",NA,46,NA,"A",NA,NA,201,2015-07-20,"2015",1,"16/07/2015",5,367382,5048217,"7.299279623781209","45.57305148767655",105,89,74,40,19,"Saxifraga",858,48,NA,NA,NA
"33",29,"A",1,12,"1314112","R",NA,29,"M","A","NR",NA,249,2014-09-06,"2014",1,"16/07/2015",5,367382,5048217,"7.299279623781209","45.57305148767655",105,89,74,40,19,"Saxifraga",858,48,NA,NA,NA
"33",27,"T",1,11,NA,"N",NA,20,NA,"G","NR",NA,210,2018-07-29,"2018",1,"16/07/2015",5,367382,5048217,"7.299279623781209","45.57305148767655",105,89,74,40,19,"Saxifraga",858,48,NA,NA,NA
"33",67,"A",2,11,NA,"N","Eg",21,"M","G","NR",NA,246,2016-09-02,"2016",1,"16/07/2015",5,367382,5048217,"7.299279623781209","45.57305148767655",105,89,74,40,19,"Saxifraga",858,48,NA,NA,NA
"34",31,"A",1,16,NA,"N","B",42,"M","A","R",NA,203,2015-07-22,"2015",1,"16/07/2015",5,367398,5048230,"7.299481061328063","45.57317150061799",124,61,56,10,17,"Muschio",1227,316,NA,NA,NA
"34",27,"T",1,15,NA,"R","+",NA,NA,"A",NA,NA,202,2015-07-21,"2015",1,"16/07/2015",5,367398,5048230,"7.299481061328063","45.57317150061799",124,61,56,10,17,"Muschio",1227,316,NA,NA,NA
"34",45,"T",1,16,NA,"R","centro basso g",16,"F","G","NR",NA,240,2017-08-28,"2017",1,"16/07/2015",5,367398,5048230,"7.299481061328063","45.57317150061799",124,61,56,10,17,"Muschio",1227,316,NA,NA,NA
"34",39,"A",2,3,"1315467","R",NA,30,"F","A","NR","deceduta",242,2016-08-29,"2016",1,"16/07/2015",5,367398,5048230,"7.299481061328063","45.57317150061799",124,61,56,10,17,"Muschio",1227,316,NA,NA,NA
"34",55,"A",1,17,NA,"R","C/Eg",15,"M","G","NR",NA,241,2017-08-29,"2017",1,"16/07/2015",5,367398,5048230,"7.299481061328063","45.57317150061799",124,61,56,10,17,"Muschio",1227,316,NA,NA,NA
"34",39,"A",1,18,NA,"R","B",41,"M","A","R",NA,204,2015-07-23,"2015",1,"16/07/2015",5,367398,5048230,"7.299481061328063","45.57317150061799",124,61,56,10,17,"Muschio",1227,316,NA,NA,NA
"34",14,"A",1,11,NA,"N","Cb",32,"M","A","NR",NA,238,2017-08-26,"2017",1,"16/07/2015",5,367398,5048230,"7.299481061328063","45.57317150061799",124,61,56,10,17,"Muschio",1227,316,NA,NA,NA
"34",86,"A",2,6,"1315467","N",NA,30,"F","A","NR",NA,242,2015-08-30,"2015",1,"16/07/2015",5,367398,5048230,"7.299481061328063","45.57317150061799",124,61,56,10,17,"Muschio",1227,316,NA,NA,NA
"34",130,"T",2,21,"1315467","R",NA,25,"F","A","NR",NA,249,2015-09-06,"2015",1,"16/07/2015",5,367398,5048230,"7.299481061328063","45.57317150061799",124,61,56,10,17,"Muschio",1227,316,NA,NA,NA
"35",38,"A",2,3,NA,"N","B/Eb",22,"F","G","NR",NA,242,2016-08-29,"2016",1,"16/07/2015",5,367404,5048233,"7.299557109879933","45.57319963605221",64,205,217,5,5,"Muschio",1284,270,NA,NA,NA
"35",71,"A",2,4,"1312250","R","A/E",27,"M","A","NR",NA,241,2015-08-29,"2015",1,"16/07/2015",5,367404,5048233,"7.299557109879933","45.57319963605221",64,205,217,5,5,"Muschio",1284,270,NA,NA,NA
"35",92,"A",2,8,"1315467","R",NA,28,"F","A","NR",NA,243,2015-08-31,"2015",1,"16/07/2015",5,367404,5048233,"7.299557109879933","45.57319963605221",64,205,217,5,5,"Muschio",1284,270,NA,NA,NA
"35",6,"T",1,4,NA,"N","B/Fg",13,"M","G","NR",NA,234,2017-08-22,"2017",1,"16/07/2015",5,367404,5048233,"7.299557109879933","45.57319963605221",64,205,217,5,5,"Muschio",1284,270,NA,NA,NA
"35",4,"A",1,2,"1314921","N",NA,39,"F","A",NA,NA,244,2014-09-01,"2014",1,"16/07/2015",5,367404,5048233,"7.299557109879933","45.57319963605221",64,205,217,5,5,"Muschio",1284,270,NA,NA,NA
"35",90,"T",2,7,"1312250","R","A/E",35,"M","A","NR",NA,242,2015-08-30,"2015",1,"16/07/2015",5,367404,5048233,"7.299557109879933","45.57319963605221",64,205,217,5,5,"Muschio",1284,270,NA,NA,NA
"35",115,"A",2,14,"1312250","R","A/E",28,"M","A","NR",NA,246,2015-09-03,"2015",1,"16/07/2015",5,367404,5048233,"7.299557109879933","45.57319963605221",64,205,217,5,5,"Muschio",1284,270,NA,NA,NA
"35",76,"T",2,5,"1312250","R","A/E",30,"M","A","R",NA,241,2015-08-29,"2015",1,"16/07/2015",5,367404,5048233,"7.299557109879933","45.57319963605221",64,205,217,5,5,"Muschio",1284,270,NA,NA,NA
"35",36,"T",2,3,NA,"N",NA,29,"F","G","NR",NA,239,2018-08-27,"2018",1,"16/07/2015",5,367404,5048233,"7.299557109879933","45.57319963605221",64,205,217,5,5,"Muschio",1284,270,NA,NA,NA
"35",129,"T",2,21,"1312250","R","A/E",29,"M","A","NR",NA,249,2015-09-06,"2015",1,"16/07/2015",5,367404,5048233,"7.299557109879933","45.57319963605221",64,205,217,5,5,"Muschio",1284,270,NA,NA,NA
"35",38,"A",1,18,NA,"N",NA,36,NA,"A","NR",NA,204,2015-07-23,"2015",1,"16/07/2015",5,367404,5048233,"7.299557109879933","45.57319963605221",64,205,217,5,5,"Muschio",1284,270,NA,NA,NA
"35",75,"A",2,13,NA,"N",NA,23,NA,"G","NR",NA,247,2016-09-03,"2016",1,"16/07/2015",5,367404,5048233,"7.299557109879933","45.57319963605221",64,205,217,5,5,"Muschio",1284,270,NA,NA,NA
"35",44,"T",1,16,NA,"R?","A buchi",17,"F","G","NR",NA,240,2017-08-28,"2017",1,"16/07/2015",5,367404,5048233,"7.299557109879933","45.57319963605221",64,205,217,5,5,"Muschio",1284,270,NA,NA,NA
"35",85,"A",2,6,"1314691","R","F",38,"F","A","NR",NA,242,2015-08-30,"2015",1,"16/07/2015",5,367404,5048233,"7.299557109879933","45.57319963605221",64,205,217,5,5,"Muschio",1284,270,NA,NA,NA
"35",45,"A",1,20,NA,"N",NA,18,NA,"G","NR",NA,205,2015-07-24,"2015",1,"16/07/2015",5,367404,5048233,"7.299557109879933","45.57319963605221",64,205,217,5,5,"Muschio",1284,270,NA,NA,NA
"36",47,"A",2,6,NA,"N",NA,25,"F","G","NR",NA,241,2018-08-29,"2018",1,"16/07/2015",5,367414,5048239,"7.299683586057611","45.57325552530856",84,104,57,5,12,"Silene acaulis",1074,265,NA,NA,NA
"36",49,"T",2,7,NA,NA,NA,NA,NA,NA,NA,"morto",241,2018-08-29,"2018",1,"16/07/2015",5,367414,5048239,"7.299683586057611","45.57325552530856",84,104,57,5,12,"Silene acaulis",1074,265,NA,NA,NA
"37",20,"A",1,14,"Ermellino",NA,NA,NA,NA,NA,NA,NA,210,2016-07-28,"2016",1,"16/07/2015",5,367419,5048230,"7.299750083075154","45.57317550616465",126,39,54,0,2,"Muschio",825,285,NA,NA,NA
"37",55,"A",2,8,NA,NA,NA,NA,"M","A","R","morto per ermellino",243,2018-08-31,"2018",1,"16/07/2015",5,367419,5048230,"7.299750083075154","45.57317550616465",126,39,54,0,2,"Muschio",825,285,NA,NA,NA
"37",15,"A",1,11,NA,"R","B/Fg",16,"M","G","NR",NA,238,2017-08-26,"2017",1,"16/07/2015",5,367419,5048230,"7.299750083075154","45.57317550616465",126,39,54,0,2,"Muschio",825,285,NA,NA,NA
"37",101,"T",2,18,NA,"R","D/Fg",25,"M","G","NR","buco in F",249,2016-09-05,"2016",1,"16/07/2015",5,367419,5048230,"7.299750083075154","45.57317550616465",126,39,54,0,2,"Muschio",825,285,NA,NA,NA
"37",65,"T",2,3,"1314269","N",NA,37,"M","A","NR",NA,240,2015-08-28,"2015",1,"16/07/2015",5,367419,5048230,"7.299750083075154","45.57317550616465",126,39,54,0,2,"Muschio",825,285,NA,NA,NA
"37",91,"A",2,8,"1312250","R","A/E",38,"M","A","NR",NA,243,2015-08-31,"2015",1,"16/07/2015",5,367419,5048230,"7.299750083075154","45.57317550616465",126,39,54,0,2,"Muschio",825,285,NA,NA,NA
"37",2,"T",1,1,NA,"N","E",40,"M","A","R",NA,202,2018-07-21,"2018",1,"16/07/2015",5,367419,5048230,"7.299750083075154","45.57317550616465",126,39,54,0,2,"Muschio",825,285,NA,NA,NA
"37",13,"A",1,12,NA,"N",NA,44,"M","A","R",NA,209,2016-07-27,"2016",1,"16/07/2015",5,367419,5048230,"7.299750083075154","45.57317550616465",126,39,54,0,2,"Muschio",825,285,NA,NA,NA
"37",100,"A",2,17,NA,"R","D/Fg",22,"M","G","NR","buco in F",249,2016-09-05,"2016",1,"16/07/2015",5,367419,5048230,"7.299750083075154","45.57317550616465",126,39,54,0,2,"Muschio",825,285,NA,NA,NA
"38",37,"A",2,3,NA,"N","C/Dg",41,"M","A","R",NA,242,2016-08-29,"2016",1,"16/07/2015",5,367425,5048229,"7.299827217998255","45.57316765351308",60,93,292,0,2,"Muschio",771,272,NA,NA,NA
"38",33,"T",1,17,NA,"N","C/D",45,NA,"A","NR",NA,203,2015-07-22,"2015",1,"16/07/2015",5,367425,5048229,"7.299827217998255","45.57316765351308",60,93,292,0,2,"Muschio",771,272,NA,NA,NA
"38",14,"A",1,6,NA,"N",NA,34,"M","A","NR","morto",205,2018-07-24,"2018",1,"16/07/2015",5,367425,5048229,"7.299827217998255","45.57316765351308",60,93,292,0,2,"Muschio",771,272,NA,NA,NA
"39",8,"A",1,4,NA,"R","D",30,"M","G","NR",NA,204,2018-07-23,"2018",1,"16/07/2015",5,367435,5048226,"7.299956138206348","45.57314256967351",60,67,81,25,15,"Muschio",1000,273,NA,NA,NA
"39",39,"A",1,15,NA,"R","strisce A/C/E B/D/F",29,"F","A","NR",NA,240,2017-08-28,"2017",1,"16/07/2015",5,367435,5048226,"7.299956138206348","45.57314256967351",60,67,81,25,15,"Muschio",1000,273,NA,NA,NA
"39",1,"T",1,1,NA,"N","F",33,"F","A","NR",NA,202,2018-07-21,"2018",1,"16/07/2015",5,367435,5048226,"7.299956138206348","45.57314256967351",60,67,81,25,15,"Muschio",1000,273,NA,NA,NA
"39",16,"A",1,11,NA,"R","C/Dg",30,"M","A","NR",NA,238,2017-08-26,"2017",1,"16/07/2015",5,367435,5048226,"7.299956138206348","45.57314256967351",60,67,81,25,15,"Muschio",1000,273,NA,NA,NA
"39",59,"A",2,2,"1314691","R","F",38,"F","A","NR",NA,240,2015-08-28,"2015",1,"16/07/2015",5,367435,5048226,"7.299956138206348","45.57314256967351",60,67,81,25,15,"Muschio",1000,273,NA,NA,NA
"39",17,"A",1,12,NA,"N",NA,14,NA,"G","NR",NA,201,2015-07-20,"2015",1,"16/07/2015",5,367435,5048226,"7.299956138206348","45.57314256967351",60,67,81,25,15,"Muschio",1000,273,NA,NA,NA
"39",36,"A",2,3,NA,"N","Bb",22,"F","G","NR",NA,242,2016-08-29,"2016",1,"16/07/2015",5,367435,5048226,"7.299956138206348","45.57314256967351",60,67,81,25,15,"Muschio",1000,273,NA,NA,NA
"39",15,"A",1,6,NA,"N","A",40,"F","A","NR",NA,205,2018-07-24,"2018",1,"16/07/2015",5,367435,5048226,"7.299956138206348","45.57314256967351",60,67,81,25,15,"Muschio",1000,273,NA,NA,NA
"39",49,"T",2,1,NA,"N","A/B",35,"F","A","NR",NA,239,2015-08-27,"2015",1,"16/07/2015",5,367435,5048226,"7.299956138206348","45.57314256967351",60,67,81,25,15,"Muschio",1000,273,NA,NA,NA
"39",78,"T",2,14,NA,"R","D/Fg",22,"M","G","NR",NA,247,2016-09-03,"2016",1,"16/07/2015",5,367435,5048226,"7.299956138206348","45.57314256967351",60,67,81,25,15,"Muschio",1000,273,NA,NA,NA
"4",1,"A",1,1,NA,"N","Ag",34,"M","A","R",NA,233,2017-08-21,"2017",1,"14/07/2015",1,367409,5048262,"7.2996132865560055","45.57346150207162",99,30,36,50,23,"Graminacee",774,232,NA,NA,NA
"4",12,"T",1,10,NA,"R","centrog",34,"M","A","NR",NA,237,2017-08-25,"2017",1,"14/07/2015",1,367409,5048262,"7.2996132865560055","45.57346150207162",99,30,36,50,23,"Graminacee",774,232,NA,NA,NA
"4",27,"A",2,1,NA,"N","Bg",31,"M","A","NR",NA,241,2016-08-28,"2016",1,"14/07/2015",1,367409,5048262,"7.2996132865560055","45.57346150207162",99,30,36,50,23,"Graminacee",774,232,NA,NA,NA
"40",75,"T",2,5,"1315457","R","A/B",28,"F","A","NR",NA,241,2015-08-29,"2015",1,"16/07/2015",5,367439,5048226,"7.300007380425843","45.57314333247013",145,88,52,10,13,"Muschio",757,234,NA,NA,NA
"40",49,"A",2,9,NA,"R","buchi in A/B",24,NA,"A",NA,NA,245,2016-09-01,"2016",1,"16/07/2015",5,367439,5048226,"7.300007380425843","45.57314333247013",145,88,52,10,13,"Muschio",757,234,NA,NA,NA
"40",33,"A",2,2,NA,"N",NA,29,"M","G","NR",NA,239,2018-08-27,"2018",1,"16/07/2015",5,367439,5048226,"7.300007380425843","45.57314333247013",145,88,52,10,13,"Muschio",757,234,NA,NA,NA
"40",26,"T",1,12,NA,"R","strisce A/C/E B/D/F",28,"F","A","NR",NA,238,2017-08-26,"2017",1,"16/07/2015",5,367439,5048226,"7.300007380425843","45.57314333247013",145,88,52,10,13,"Muschio",757,234,NA,NA,NA
"40",16,"A",1,12,NA,"N","E",16,NA,"G","NR",NA,201,2015-07-20,"2015",1,"16/07/2015",5,367439,5048226,"7.300007380425843","45.57314333247013",145,88,52,10,13,"Muschio",757,234,NA,NA,NA
"40",17,"A",1,11,NA,"R","Eb",25,"M","A","NR",NA,238,2017-08-26,"2017",1,"16/07/2015",5,367439,5048226,"7.300007380425843","45.57314333247013",145,88,52,10,13,"Muschio",757,234,NA,NA,NA
"40",30,"A",1,12,"1314912","N",NA,32,"F","A","NR",NA,249,2014-09-06,"2014",1,"16/07/2015",5,367439,5048226,"7.300007380425843","45.57314333247013",145,88,52,10,13,"Muschio",757,234,NA,NA,NA
"41",4,"A",1,3,NA,"R","E/F buchi",NA,NA,NA,NA,"morto",234,2017-08-22,"2017",1,"16/07/2015",5,367451,5048223,"7.3001619216044356","45.57311862978571",140,52,84,60,32,"Graminacee",1113,222,NA,NA,NA
"41",47,"A",1,17,NA,"R","strisce A/C/E B/D/F",26,"F","A","NR",NA,241,2017-08-29,"2017",1,"16/07/2015",5,367451,5048223,"7.3001619216044356","45.57311862978571",140,52,84,60,32,"Graminacee",1113,222,NA,NA,NA
"41",48,"A",2,9,NA,NA,NA,NA,NA,"A",NA,"scappato",245,2016-09-01,"2016",1,"16/07/2015",5,367451,5048223,"7.3001619216044356","45.57311862978571",140,52,84,60,32,"Graminacee",1113,222,NA,NA,NA
"41",59,"A",1,17,NA,"R","C/Dg",25,"M","A","NR",NA,241,2017-08-29,"2017",1,"16/07/2015",5,367451,5048223,"7.3001619216044356","45.57311862978571",140,52,84,60,32,"Graminacee",1113,222,NA,NA,NA
"42",33,"T",1,14,NA,"R","C/D g",22,"M","A","NR",NA,239,2017-08-27,"2017",1,"16/07/2015",5,367458,5048224,"7.300251323973224","45.573128961481885",108,42,67,0,0,NA,931,228,NA,NA,NA
"42",28,"T",1,11,NA,"R","D",35,"F","A","NR",NA,210,2018-07-29,"2018",1,"16/07/2015",5,367458,5048224,"7.300251323973224","45.573128961481885",108,42,67,0,0,NA,931,228,NA,NA,NA
"42",19,"A",1,8,NA,"N","D",34,"F","A","NR",NA,206,2018-07-25,"2018",1,"16/07/2015",5,367458,5048224,"7.300251323973224","45.573128961481885",108,42,67,0,0,NA,931,228,NA,NA,NA
"42",74,"A",2,13,NA,"R","buchi in B/D",28,"M","A","NR","buchi in B/D, guance, sopra coda",247,2016-09-03,"2016",1,"16/07/2015",5,367458,5048224,"7.300251323973224","45.573128961481885",108,42,67,0,0,NA,931,228,NA,NA,NA
"42",30,"A",1,16,NA,"R","F",33,"F","A","NR",NA,203,2015-07-22,"2015",1,"16/07/2015",5,367458,5048224,"7.300251323973224","45.573128961481885",108,42,67,0,0,NA,931,228,NA,NA,NA
"42",50,"A",2,9,"1315647","N",NA,34,"F","A","NR",NA,245,2016-09-01,"2016",1,"16/07/2015",5,367458,5048224,"7.300251323973224","45.573128961481885",108,42,67,0,0,NA,931,228,NA,NA,NA
"42",22,"A",1,14,NA,"R","C",37,"F","A","R",NA,202,2015-07-21,"2015",1,"16/07/2015",5,367458,5048224,"7.300251323973224","45.573128961481885",108,42,67,0,0,NA,931,228,NA,NA,NA
"42",41,"T",1,16,NA,"R","C/Dg",24,"M","A","NR",NA,240,2017-08-28,"2017",1,"16/07/2015",5,367458,5048224,"7.300251323973224","45.573128961481885",108,42,67,0,0,NA,931,228,NA,NA,NA
"42",22,"T",1,9,NA,"N","SENZA OCCHIO SIN",45,"F","A","NR",NA,206,2018-07-25,"2018",1,"16/07/2015",5,367458,5048224,"7.300251323973224","45.573128961481885",108,42,67,0,0,NA,931,228,NA,NA,NA
"42",124,"T",2,19,NA,"N",NA,18,NA,"G","NR",NA,248,2015-09-05,"2015",1,"16/07/2015",5,367458,5048224,"7.300251323973224","45.573128961481885",108,42,67,0,0,NA,931,228,NA,NA,NA
"42",36,"A",1,15,NA,"R","strisce A/C/E B/D/F",29,"F","A","NR",NA,240,2017-08-28,"2017",1,"16/07/2015",5,367458,5048224,"7.300251323973224","45.573128961481885",108,42,67,0,0,NA,931,228,NA,NA,NA
"42",28,"T",1,15,"1313062","R",NA,NA,"M","A","R",NA,202,2015-07-21,"2015",1,"16/07/2015",5,367458,5048224,"7.300251323973224","45.573128961481885",108,42,67,0,0,NA,931,228,NA,NA,NA
"42",58,"A",2,8,NA,"N",NA,31,"F","A","NR","morto",243,2018-08-31,"2018",1,"16/07/2015",5,367458,5048224,"7.300251323973224","45.573128961481885",108,42,67,0,0,NA,931,228,NA,NA,NA
"43",7,"A",1,10,NA,"N","Dg",45,"M","A","NR",NA,208,2016-07-26,"2016",1,"16/07/2015",5,367466,5048223,"7.3003540798770095","45.57312148980726",216,44,68,0,4,"Saxifraga",727,281,NA,NA,NA
"43",42,"T",1,16,NA,"R","centrog",35,"M","A","NR",NA,240,2017-08-28,"2017",1,"16/07/2015",5,367466,5048223,"7.3003540798770095","45.57312148980726",216,44,68,0,4,"Saxifraga",727,281,NA,NA,NA
"43",46,"A",2,6,NA,"R","A",38,"M","A","NR",NA,241,2018-08-29,"2018",1,"16/07/2015",5,367466,5048223,"7.3003540798770095","45.57312148980726",216,44,68,0,4,"Saxifraga",727,281,NA,NA,NA
"43",125,"T",2,19,"1314269","R",NA,38,"M","A","NR",NA,248,2015-09-05,"2015",1,"16/07/2015",5,367466,5048223,"7.3003540798770095","45.57312148980726",216,44,68,0,4,"Saxifraga",727,281,NA,NA,NA
"43",70,"A",2,4,"1312387","N",NA,26,"F","A","NR",NA,241,2015-08-29,"2015",1,"16/07/2015",5,367466,5048223,"7.3003540798770095","45.57312148980726",216,44,68,0,4,"Saxifraga",727,281,NA,NA,NA
"43",122,"T",2,17,"1314269","R",NA,37,"M","A","NR",NA,247,2015-09-04,"2015",1,"16/07/2015",5,367466,5048223,"7.3003540798770095","45.57312148980726",216,44,68,0,4,"Saxifraga",727,281,NA,NA,NA
"43",15,"T",1,13,NA,"N",NA,46,"M","A","NR",NA,209,2016-07-27,"2016",1,"16/07/2015",5,367466,5048223,"7.3003540798770095","45.57312148980726",216,44,68,0,4,"Saxifraga",727,281,NA,NA,NA
"43",47,"A",2,9,NA,"N",NA,NA,NA,"G","NR",NA,245,2016-09-01,"2016",1,"16/07/2015",5,367466,5048223,"7.3003540798770095","45.57312148980726",216,44,68,0,4,"Saxifraga",727,281,NA,NA,NA
"43",50,"T",2,7,NA,"N","C",35,"F","A","NR",NA,242,2018-08-30,"2018",1,"16/07/2015",5,367466,5048223,"7.3003540798770095","45.57312148980726",216,44,68,0,4,"Saxifraga",727,281,NA,NA,NA
"43",2,"T",1,2,NA,"R","E/F buchi",34,"M","A","NR",NA,233,2017-08-21,"2017",1,"16/07/2015",5,367466,5048223,"7.3003540798770095","45.57312148980726",216,44,68,0,4,"Saxifraga",727,281,NA,NA,NA
"43",48,"A",1,17,NA,"R","centro buco",32,"M","A","NR",NA,241,2017-08-29,"2017",1,"16/07/2015",5,367466,5048223,"7.3003540798770095","45.57312148980726",216,44,68,0,4,"Saxifraga",727,281,NA,NA,NA
"43",63,"A",2,11,NA,"R","buchi in A/B",NA,"M","A","NR","morto",246,2016-09-02,"2016",1,"16/07/2015",5,367466,5048223,"7.3003540798770095","45.57312148980726",216,44,68,0,4,"Saxifraga",727,281,NA,NA,NA
"43",16,"A",1,14,NA,"N",NA,41,"F",NA,NA,NA,210,2016-07-28,"2016",1,"16/07/2015",5,367466,5048223,"7.3003540798770095","45.57312148980726",216,44,68,0,4,"Saxifraga",727,281,NA,NA,NA
"43",25,"T",1,17,NA,"N",NA,46,"M","A",NA,NA,211,2016-07-29,"2016",1,"16/07/2015",5,367466,5048223,"7.3003540798770095","45.57312148980726",216,44,68,0,4,"Saxifraga",727,281,NA,NA,NA
"43",10,"T",1,8,NA,"R","C/Dg",21,"M","A","NR",NA,236,2017-08-24,"2017",1,"16/07/2015",5,367466,5048223,"7.3003540798770095","45.57312148980726",216,44,68,0,4,"Saxifraga",727,281,NA,NA,NA
"43",42,"T",2,4,NA,"R","C/Dg",41,"M","A","R",NA,242,2016-08-29,"2016",1,"16/07/2015",5,367466,5048223,"7.3003540798770095","45.57312148980726",216,44,68,0,4,"Saxifraga",727,281,NA,NA,NA
"43",11,"A",1,8,"1313039","N",NA,33,"F","A","NR",NA,199,2015-07-18,"2015",1,"16/07/2015",5,367466,5048223,"7.3003540798770095","45.57312148980726",216,44,68,0,4,"Saxifraga",727,281,NA,NA,NA
"43",42,"T",2,5,NA,"R","A piccolo",36,"F","A","R",NA,240,2018-08-28,"2018",1,"16/07/2015",5,367466,5048223,"7.3003540798770095","45.57312148980726",216,44,68,0,4,"Saxifraga",727,281,NA,NA,NA
"43",23,"A",1,10,NA,"R","SENZA OCCHIO SIN",38,"F","A","NR",NA,207,2018-07-26,"2018",1,"16/07/2015",5,367466,5048223,"7.3003540798770095","45.57312148980726",216,44,68,0,4,"Saxifraga",727,281,NA,NA,NA
"44",68,"A",2,11,NA,"R","Bg",35,"M","A","NR",NA,246,2016-09-02,"2016",1,"16/07/2015",5,367475,5048221,"7.300469917760875","45.57310521170454",108,78,57,35,17,"Graminacee",988,182,NA,NA,NA
"44",58,"A",2,2,"1316717","N",NA,31,"M","A","R",NA,240,2015-08-28,"2015",1,"16/07/2015",5,367475,5048221,"7.300469917760875","45.57310521170454",108,78,57,35,17,"Graminacee",988,182,NA,NA,NA
"44",96,"A",2,17,NA,"R","Bg",20,NA,"G","NR",NA,249,2016-09-05,"2016",1,"16/07/2015",5,367475,5048221,"7.300469917760875","45.57310521170454",108,78,57,35,17,"Graminacee",988,182,NA,NA,NA
"44",49,"A",1,17,NA,"R","C/Dg",22,"M","A","NR",NA,241,2017-08-29,"2017",1,"16/07/2015",5,367475,5048221,"7.300469917760875","45.57310521170454",108,78,57,35,17,"Graminacee",988,182,NA,NA,NA
"44",77,"T",2,14,NA,"R","buchi in B/D",34,"M","A","NR","buchi in B/D, guance, sopra coda",247,2016-09-03,"2016",1,"16/07/2015",5,367475,5048221,"7.300469917760875","45.57310521170454",108,78,57,35,17,"Graminacee",988,182,NA,NA,NA
"45",21,"A",1,14,NA,"R","F",38,"F","A","NR",NA,202,2015-07-21,"2015",1,"16/07/2015",5,367482,5048219,"7.30056013448811","45.57308855221796",67,45,25,70,20,"Salix herbacea",857,273,NA,NA,NA
"45",5,"A",1,2,"1314375","N",NA,33,"M","G","NR",NA,244,2014-09-01,"2014",1,"16/07/2015",5,367482,5048219,"7.30056013448811","45.57308855221796",67,45,25,70,20,"Salix herbacea",857,273,NA,NA,NA
"45",8,"A",1,4,"1314375","R",NA,29,"M","G","NR",NA,245,2014-09-02,"2014",1,"16/07/2015",5,367482,5048219,"7.30056013448811","45.57308855221796",67,45,25,70,20,"Salix herbacea",857,273,NA,NA,NA
"45",57,"A",2,8,NA,"N","A-B",42,"M","A","R",NA,243,2018-08-31,"2018",1,"16/07/2015",5,367482,5048219,"7.30056013448811","45.57308855221796",67,45,25,70,20,"Salix herbacea",857,273,NA,NA,NA
"45",23,"A",1,10,"1314375","R",NA,21,"M","G","NR",NA,248,2014-09-05,"2014",1,"16/07/2015",5,367482,5048219,"7.30056013448811","45.57308855221796",67,45,25,70,20,"Salix herbacea",857,273,NA,NA,NA
"45",35,"A",2,2,NA,"N","A piccolo",37,"F","A","R",NA,239,2018-08-27,"2018",1,"16/07/2015",5,367482,5048219,"7.30056013448811","45.57308855221796",67,45,25,70,20,"Salix herbacea",857,273,NA,NA,NA
"45",18,"T",1,7,NA,NA,NA,NA,NA,NA,NA,NA,246,2014-09-03,"2014",1,"16/07/2015",5,367482,5048219,"7.30056013448811","45.57308855221796",67,45,25,70,20,"Salix herbacea",857,273,NA,NA,NA
"46",57,"A",2,2,"1314106","N",NA,33,"M","A","R",NA,240,2015-08-28,"2015",1,"16/07/2015",5,367481,5048211,"7.3005494954623265","45.57301638573721",192,31,86,25,21,"Graminacee",919,252,NA,NA,NA
"46",14,"A",1,6,"1314375","R","NA ",23,"M","G","NR",NA,246,2014-09-03,"2014",1,"16/07/2015",5,367481,5048211,"7.3005494954623265","45.57301638573721",192,31,86,25,21,"Graminacee",919,252,NA,NA,NA
"46",34,"A",2,3,NA,"R","Bg",35,"M","A","NR",NA,242,2016-08-29,"2016",1,"16/07/2015",5,367481,5048211,"7.3005494954623265","45.57301638573721",192,31,86,25,21,"Graminacee",919,252,NA,NA,NA
"46",41,"T",2,4,NA,"R","Bg",36,"M","A","NR",NA,242,2016-08-29,"2016",1,"16/07/2015",5,367481,5048211,"7.3005494954623265","45.57301638573721",192,31,86,25,21,"Graminacee",919,252,NA,NA,NA
"46",18,"A",1,11,NA,"N","A/Db",43,"M","A","R",NA,238,2017-08-26,"2017",1,"16/07/2015",5,367481,5048211,"7.3005494954623265","45.57301638573721",192,31,86,25,21,"Graminacee",919,252,NA,NA,NA
"46",116,"A",2,14,"1313807","R",NA,25,"F","A","R",NA,246,2015-09-03,"2015",1,"16/07/2015",5,367481,5048211,"7.3005494954623265","45.57301638573721",192,31,86,25,21,"Graminacee",919,252,NA,NA,NA
"47",89,"T",2,16,NA,"R","C/Dg",29,"M","A","NR",NA,248,2016-09-04,"2016",1,"16/07/2015",5,367473,5048209,"7.30044755413901","45.57299686664995",187,35,105,20,14,"Graminacee",675,262,NA,NA,NA
"47",86,"A",2,15,NA,"N","B/centro sedere",22,NA,"G","NR",NA,248,2016-09-04,"2016",1,"16/07/2015",5,367473,5048209,"7.30044755413901","45.57299686664995",187,35,105,20,14,"Graminacee",675,262,NA,NA,NA
"47",102,"T",2,18,NA,"N",NA,23,NA,"G","NR",NA,249,2016-09-05,"2016",1,"16/07/2015",5,367473,5048209,"7.30044755413901","45.57299686664995",187,35,105,20,14,"Graminacee",675,262,NA,NA,NA
"47",7,"A",1,5,NA,"N","C/Dg",30,"M","A","NR",NA,235,2017-08-23,"2017",1,"16/07/2015",5,367473,5048209,"7.30044755413901","45.57299686664995",187,35,105,20,14,"Graminacee",675,262,NA,NA,NA
"47",34,"A",1,15,NA,"R","C/D g",24,"M","A","NR",NA,240,2017-08-28,"2017",1,"16/07/2015",5,367473,5048209,"7.30044755413901","45.57299686664995",187,35,105,20,14,"Graminacee",675,262,NA,NA,NA
"48",51,"A",1,17,NA,"N",NA,23,"F","A","NR",NA,241,2017-08-29,"2017",1,"16/07/2015",5,367461,5048212,"7.300293013410104","45.57302156972804",37,37,79,60,25,"Graminacee",939,254,NA,NA,NA
"49",104,"T",2,9,NA,"N",NA,NA,NA,"G",NA,NA,243,2015-08-31,"2015",1,"16/07/2015",5,367450,5048214,"7.300151554588764","45.573037466296576",68,53,68,10,13,"Graminacee",1082,328,NA,NA,NA
"5",7,"T",1,3,NA,"N","D",29,"M","G","NR",NA,203,2018-07-22,"2018",1,"14/07/2015",1,367418,5048265,"7.29972776745971","45.573490209615734",164,41,47,25,21,"Graminacee",697,243,NA,NA,NA
"5",1,"A",1,2,NA,"N",NA,30,"M","A","NR",NA,207,2019-07-26,"2019",1,"14/07/2015",1,367418,5048265,"7.29972776745971","45.573490209615734",164,41,47,25,21,"Graminacee",697,243,NA,NA,NA
"5",13,"A",1,11,NA,"R","centrog",43,"M","A","NR",NA,238,2017-08-26,"2017",1,"14/07/2015",1,367418,5048265,"7.29972776745971","45.573490209615734",164,41,47,25,21,"Graminacee",697,243,NA,NA,NA
"5",55,"T",2,10,NA,"R","Bg",38,"M","A","NR","no pelo in B",245,2016-09-01,"2016",1,"14/07/2015",1,367418,5048265,"7.29972776745971","45.573490209615734",164,41,47,25,21,"Graminacee",697,243,NA,NA,NA
"50",83,"A",2,15,NA,"R","C/Dg",25,"M","A","NR",NA,248,2016-09-04,"2016",1,"16/07/2015",5,367442,5048213,"7.300049341856294","45.57302694383397",42,48,214,50,17,"Graminacee",465,323,NA,NA,NA
"51",15,"A",1,6,"1314921","R",NA,38,"F","A","NR",NA,246,2014-09-03,"2014",1,"14/07/2015",1,367439,5048211,"7.3000114533210665","45.57300837779736",73,70,41,25,25,"Graminacee",845,254,NA,NA,NA
"51",36,"A",1,14,"1314305","R",NA,40,"M","A","NR",NA,250,2014-09-07,"2014",1,"14/07/2015",1,367439,5048211,"7.3000114533210665","45.57300837779736",73,70,41,25,25,"Graminacee",845,254,NA,NA,NA
"52",37,"A",1,14,NA,"N",NA,27,"F","A","NR",NA,250,2014-09-07,"2014",1,"14/07/2015",1,367422,5048208,"7.2997944891033715","45.57297814483628",227,58,60,75,23,"Graminacee",999,269,NA,NA,NA
"53",16,"A",1,6,NA,"N","SI 6",13,NA,"G","NR",NA,246,2014-09-03,"2014",1,"14/07/2015",1,367427,5048213,"7.299857183936545","45.57302408330442",64,28,8,80,28,"Sibbaldia procumbens",807,229,NA,NA,NA
"53",24,"A",1,10,"1314305","R",NA,44,"M","A","NR",NA,248,2014-09-05,"2014",1,"14/07/2015",1,367427,5048213,"7.299857183936545","45.57302408330442",64,28,8,80,28,"Sibbaldia procumbens",807,229,NA,NA,NA
"55",94,"A",2,8,"1315304","R","B",NA,"M","A","R",NA,243,2015-08-31,"2015",1,"14/07/2015",1,367450,5048197,"7.300156170126112","45.57288451765288",66,154,25,5,9,"Muschio",820,8,NA,NA,NA
"55",40,"A",1,20,"1314120","N","B/D",37,"M","A","NR",NA,205,2015-07-24,"2015",1,"14/07/2015",1,367450,5048197,"7.300156170126112","45.57288451765288",66,154,25,5,9,"Muschio",820,8,NA,NA,NA
"55",54,"A",2,2,"1315304","R","B",34,"M","A","R",NA,240,2015-08-28,"2015",1,"14/07/2015",1,367450,5048197,"7.300156170126112","45.57288451765288",66,154,25,5,9,"Muschio",820,8,NA,NA,NA
"55",99,"T",2,9,"1315304","R","B",37,"M","A","R",NA,243,2015-08-31,"2015",1,"14/07/2015",1,367450,5048197,"7.300156170126112","45.57288451765288",66,154,25,5,9,"Muschio",820,8,NA,NA,NA
"55",2,"A",1,4,NA,"N",NA,40,"F","A","R",NA,197,2015-07-16,"2015",1,"14/07/2015",1,367450,5048197,"7.300156170126112","45.57288451765288",66,154,25,5,9,"Muschio",820,8,NA,NA,NA
"55",47,"T",2,1,NA,"R","B",38,"M","A","R",NA,239,2015-08-27,"2015",1,"14/07/2015",1,367450,5048197,"7.300156170126112","45.57288451765288",66,154,25,5,9,"Muschio",820,8,NA,NA,NA
"56",25,"A",1,10,"1314452","N",NA,41,"M","A","NR",NA,248,2014-09-05,"2014",1,"14/07/2015",1,367457,5048201,"7.3002447576619725","45.572921840287265",97,91,23,25,16,"Sibbaldia procumbens",976,114,NA,NA,NA
"56",72,"A",2,13,NA,"N","A/Eg B/Fb",27,"F","A","NR",NA,247,2016-09-03,"2016",1,"14/07/2015",1,367457,5048201,"7.3002447576619725","45.572921840287265",97,91,23,25,16,"Sibbaldia procumbens",976,114,NA,NA,NA
"56",59,"A",2,11,NA,"R","C/Dg",32,"M","A","NR","orecchio",246,2016-09-02,"2016",1,"14/07/2015",1,367457,5048201,"7.3002447576619725","45.572921840287265",97,91,23,25,16,"Sibbaldia procumbens",976,114,NA,NA,NA
"56",101,"T",2,9,NA,"N",NA,20,NA,"G","NR",NA,243,2015-08-31,"2015",1,"14/07/2015",1,367457,5048201,"7.3002447576619725","45.572921840287265",97,91,23,25,16,"Sibbaldia procumbens",976,114,NA,NA,NA
"57",9,"A",1,4,NA,"N",NA,43,"M","A","NR",NA,245,2014-09-02,"2014",1,"14/07/2015",1,367459,5048202,"7.300270107191631","45.57293121860193",80,45,57,29,14,"Graminacee",75,85,NA,NA,NA
"57",52,"T",2,10,NA,"N","D/Eb",28,"F","A","NR",NA,245,2016-09-01,"2016",1,"14/07/2015",1,367459,5048202,"7.300270107191631","45.57293121860193",80,45,57,29,14,"Graminacee",75,85,NA,NA,NA
"57",56,"A",2,2,"1314440","N",NA,37,"M","A","R",NA,240,2015-08-28,"2015",1,"14/07/2015",1,367459,5048202,"7.300270107191631","45.57293121860193",80,45,57,29,14,"Graminacee",75,85,NA,NA,NA
"57",77,"A",2,6,"1315304","R","B",35,"M","A","R",NA,242,2015-08-30,"2015",1,"14/07/2015",1,367459,5048202,"7.300270107191631","45.57293121860193",80,45,57,29,14,"Graminacee",75,85,NA,NA,NA
"57",51,"A",2,9,NA,"R","C/Dg",35,"M","A","NR","buchi pelo e orecchio tagliato",245,2016-09-01,"2016",1,"14/07/2015",1,367459,5048202,"7.300270107191631","45.57293121860193",80,45,57,29,14,"Graminacee",75,85,NA,NA,NA
"58",62,"T",2,3,NA,"N",NA,21,NA,"G","NR",NA,240,2015-08-28,"2015",1,"14/07/2015",1,367468,5048202,"7.300385401774703","45.572932934539",203,53,40,10,11,"Graminacee",806,99,NA,NA,NA
"6",2,"A",1,2,NA,"N","SI",35,"F","A","NR",NA,244,2014-09-01,"2014",1,"14/07/2015",1,367426,5048265,"7.299830252520922","45.573491735399855",130,31,36,55,20,"Graminacee",1108,254,NA,NA,NA
"60",53,"T",2,10,NA,"N","Cb/Eg",26,NA,"G","NR",NA,245,2016-09-01,"2016",1,"14/07/2015",1,367485,5048235,"7.300594223192876","45.573233075806485",101,104,128,5,8,"Muschio",1040,103,NA,NA,NA
"60",113,"A",2,14,NA,"N",NA,NA,NA,"G","NR",NA,246,2015-09-03,"2015",1,"14/07/2015",1,367485,5048235,"7.300594223192876","45.573233075806485",101,104,128,5,8,"Muschio",1040,103,NA,NA,NA
"60",95,"A",2,8,"1315457","R","A/B",27,"F","A","NR",NA,243,2015-08-31,"2015",1,"14/07/2015",1,367485,5048235,"7.300594223192876","45.573233075806485",101,104,128,5,8,"Muschio",1040,103,NA,NA,NA
"60",69,"T",2,12,NA,"R","C/Dg",35,"M","A","NR","orecchio",246,2016-09-02,"2016",1,"14/07/2015",1,367485,5048235,"7.300594223192876","45.573233075806485",101,104,128,5,8,"Muschio",1040,103,NA,NA,NA
"60",76,"T",2,14,NA,"R","C/Dg",32,"M","A","NR","orecchio",247,2016-09-03,"2016",1,"14/07/2015",1,367485,5048235,"7.300594223192876","45.573233075806485",101,104,128,5,8,"Muschio",1040,103,NA,NA,NA
"61",8,"T",1,7,NA,"N",NA,NA,NA,"A",NA,NA,198,2015-07-17,"2015",1,"16/07/2015",5,367487,5048243,"7.300617672904944","45.57330543291092",53,33,40,0,4,"Muschio",592,90,NA,NA,NA
"61",38,"A",1,14,"1314296","N",NA,33,"F","A","NR",NA,250,2014-09-07,"2014",1,"16/07/2015",5,367487,5048243,"7.300617672904944","45.57330543291092",53,33,40,0,4,"Muschio",592,90,NA,NA,NA
"61",41,"A",1,20,"1313062","R",NA,38,"M","A","R",NA,205,2015-07-24,"2015",1,"16/07/2015",5,367487,5048243,"7.300617672904944","45.57330543291092",53,33,40,0,4,"Muschio",592,90,NA,NA,NA
"62",12,"T",1,5,"1315302","R",NA,33,"F","A","NR",NA,245,2014-09-02,"2014",1,"14/07/2015",1,367482,5048250,"7.300551719831888","45.57336745861332",30,60,62,25,12,"Salix herbacea",867,108,NA,NA,NA
"63",17,"A",1,6,"1315302","R","NA ",30,"F","A","NR",NA,246,2014-09-03,"2014",1,"14/07/2015",1,367476,5048253,"7.300474041811062","45.57339330571132",38,102,252,10,14,"Muschio",690,42,NA,NA,NA
"64",107,"T",2,9,"1315457","R","A/B",NA,"F","A","NR",NA,243,2015-08-31,"2015",1,"14/07/2015",1,367466,5048256,"7.300345121239453","45.57341839012964",131,97,43,0,7,"Muschio",924,3,NA,NA,NA
"64",81,"A",2,6,"1315457","R","A/B",21,"F","A","NR",NA,242,2015-08-30,"2015",1,"14/07/2015",1,367466,5048256,"7.300345121239453","45.57341839012964",131,97,43,0,7,"Muschio",924,3,NA,NA,NA
"64",42,"A",1,20,NA,"R","B",46,"M","A","NR",NA,205,2015-07-24,"2015",1,"14/07/2015",1,367466,5048256,"7.300345121239453","45.57341839012964",131,97,43,0,7,"Muschio",924,3,NA,NA,NA
"64",96,"A",2,8,"1313979","R",NA,38,"M","A","R",NA,243,2015-08-31,"2015",1,"14/07/2015",1,367466,5048256,"7.300345121239453","45.57341839012964",131,97,43,0,7,"Muschio",924,3,NA,NA,NA
"65",80,"A",2,6,"1314106","R",NA,NA,"M","A","R",NA,242,2015-08-30,"2015",1,"14/07/2015",1,367462,5048249,"7.300295779146811","45.57335464862777",292,99,67,5,2,"Muschio",862,263,NA,NA,NA
"65",48,"T",2,1,NA,"N","E/F",35,"M","A","R",NA,239,2015-08-27,"2015",1,"14/07/2015",1,367462,5048249,"7.300295779146811","45.57335464862777",292,99,67,5,2,"Muschio",862,263,NA,NA,NA
"65",103,"T",2,9,"1313979","R",NA,NA,"M","A","R",NA,243,2015-08-31,"2015",1,"14/07/2015",1,367462,5048249,"7.300295779146811","45.57335464862777",292,99,67,5,2,"Muschio",862,263,NA,NA,NA
"66",7,"A",1,4,"1315302","R",NA,29,"F","A","NR",NA,245,2014-09-02,"2014",1,"14/07/2015",1,367471,5048248,"7.3004113460626385","45.57334736757161",139,75,21,15,14,"Silene acaulis",585,310,NA,NA,NA
"66",7,"T",1,7,"1313062","R",NA,NA,"M","A","R",NA,198,2015-07-17,"2015",1,"14/07/2015",1,367471,5048248,"7.3004113460626385","45.57334736757161",139,75,21,15,14,"Silene acaulis",585,310,NA,NA,NA
"66",32,"A",1,12,"1315139","N",NA,43,"M","A","NR",NA,249,2014-09-06,"2014",1,"14/07/2015",1,367471,5048248,"7.3004113460626385","45.57334736757161",139,75,21,15,14,"Silene acaulis",585,310,NA,NA,NA
"66",26,"A",1,10,"1315302","R",NA,30,"F","A","NR",NA,248,2014-09-05,"2014",1,"14/07/2015",1,367471,5048248,"7.3004113460626385","45.57334736757161",139,75,21,15,14,"Silene acaulis",585,310,NA,NA,NA
"67",33,"A",1,12,"1315302","R",NA,30,"F","A","NR",NA,249,2014-09-06,"2014",1,"14/07/2015",1,367474,5048241,"7.300451678082932","45.573284960661006",77,83,40,10,13,"Graminacee",810,261,NA,NA,NA
"67",83,"A",2,6,"1313222","N",NA,25,"M","A","NR",NA,242,2015-08-30,"2015",1,"14/07/2015",1,367474,5048241,"7.300451678082932","45.573284960661006",77,83,40,10,13,"Graminacee",810,261,NA,NA,NA
"67",10,"A",1,8,"1310363","N","C",40,"F","A","R",NA,199,2015-07-18,"2015",1,"14/07/2015",1,367474,5048241,"7.300451678082932","45.573284960661006",77,83,40,10,13,"Graminacee",810,261,NA,NA,NA
"68",97,"A",2,8,NA,"N",NA,21,NA,"G","NR",NA,243,2015-08-31,"2015",1,"14/07/2015",1,367470,5048232,"7.30040287891058","45.573203225244114",71,127,58,15,10,"Salix herbacea",770,271,NA,NA,NA
"69",112,"A",2,14,"1314269","R",NA,36,"M","A","NR",NA,246,2015-09-03,"2015",1,"16/07/2015",5,367439,5048231,"7.300006022787681","45.573188317360284",97,75,66,5,8,"Graminacee",1041,282,NA,NA,NA
"7",35,"A",1,18,NA,"R","F",32,"F","A","NR",NA,204,2015-07-23,"2015",1,"14/07/2015",1,367432,5048271,"7.299905487040144","45.57354686153965",116,38,56,45,22,"Graminacee",719,234,NA,NA,NA
"70",78,"A",2,6,NA,"N",NA,19,"M","G","NR",NA,242,2015-08-30,"2015",1,"16/07/2015",5,367455,5048233,"7.300210448858934","45.57320936227962",207,73,96,0,2,"Oxyria digyna",1135,280,NA,NA,NA
"70",89,"T",2,7,NA,"N",NA,20,NA,"G","NR",NA,242,2015-08-30,"2015",1,"16/07/2015",5,367455,5048233,"7.300210448858934","45.57320936227962",207,73,96,0,2,"Oxyria digyna",1135,280,NA,NA,NA
"70",34,"A",1,12,NA,"N",NA,26,NA,NA,NA,NA,249,2014-09-06,"2014",1,"16/07/2015",5,367455,5048233,"7.300210448858934","45.57320936227962",207,73,96,0,2,"Oxyria digyna",1135,280,NA,NA,NA
"71",69,"A",2,4,NA,"N",NA,18,NA,"G","NR",NA,241,2015-08-29,"2015",1,"16/07/2015",5,NA,NA,"","",71,114,41,5,7,"Saxifraga",840,30,NA,NA,NA
"72",111,"A",2,14,NA,"N",NA,22,"M","G","NR",NA,246,2015-09-03,"2015",1,"14/07/2015",1,NA,NA,"","",36,53,250,15,11,"Cerastium ped.",594,89,NA,NA,NA
"72",102,"T",2,9,NA,"N",NA,19,NA,"G","NR",NA,243,2015-08-31,"2015",1,"14/07/2015",1,NA,NA,"","",36,53,250,15,11,"Cerastium ped.",594,89,NA,NA,NA
"73",74,"T",2,5,NA,"N",NA,22,NA,"G","NR",NA,241,2015-08-29,"2015",1,"14/07/2015",1,NA,NA,"","",35,87,277,40,12,"Oxyria digyna",752,49,NA,NA,NA
"74",82,"A",2,6,"1313979","R",NA,38,"M","A","R",NA,242,2015-08-30,"2015",1,"16/07/2015",5,NA,NA,"","",46,40,247,25,12,"Saxifraga",601,99,NA,NA,NA
"74",68,"A",2,4,"1313979","N",NA,40,"M","A","R",NA,241,2015-08-29,"2015",1,"16/07/2015",5,NA,NA,"","",46,40,247,25,12,"Saxifraga",601,99,NA,NA,NA
"74",98,"A",2,8,NA,"N",NA,18,NA,"G","NR",NA,243,2015-08-31,"2015",1,"16/07/2015",5,NA,NA,"","",46,40,247,25,12,"Saxifraga",601,99,NA,NA,NA
"8",51,"T",2,7,NA,"R","E-F",29,"F","A","R",NA,242,2018-08-30,"2018",1,"14/07/2015",1,367441,5048273,"7.300020239802879","45.57356657181755",97,94,55,25,24,"Graminacee",776,255,NA,NA,NA
"8",62,"A",2,11,NA,"N","A/Cg Bb",23,NA,"G","NR",NA,246,2016-09-02,"2016",1,"14/07/2015",1,367441,5048273,"7.300020239802879","45.57356657181755",97,94,55,25,24,"Graminacee",776,255,NA,NA,NA
"8",108,"A",2,14,"1313807","R",NA,25,"F","A","R",NA,246,2015-09-03,"2015",1,"14/07/2015",1,367441,5048273,"7.300020239802879","45.57356657181755",97,94,55,25,24,"Graminacee",776,255,NA,NA,NA
"8",29,"T",1,11,NA,"R","E-F",31,"F","A","R",NA,210,2018-07-29,"2018",1,"14/07/2015",1,367441,5048273,"7.300020239802879","45.57356657181755",97,94,55,25,24,"Graminacee",776,255,NA,NA,NA
"9",32,"T",1,17,NA,"N",NA,18,NA,"G","NR",NA,203,2015-07-22,"2015",1,"14/07/2015",1,367448,5048268,"7.30011127193932","45.573522921766255",97,48,157,10,8,"Graminacee",575,299,NA,NA,NA
"9",40,"A",2,4,NA,"R","E-F",32,"F","A","R",NA,240,2018-08-28,"2018",1,"14/07/2015",1,367448,5048268,"7.30011127193932","45.573522921766255",97,48,157,10,8,"Graminacee",575,299,NA,NA,NA
"9",132,"T",2,23,NA,"N",NA,30,NA,"A",NA,NA,250,2015-09-07,"2015",1,"14/07/2015",1,367448,5048268,"7.30011127193932","45.573522921766255",97,48,157,10,8,"Graminacee",575,299,NA,NA,NA
"9",31,"T",2,1,NA,"N","E-F",33,"F","A","R",NA,238,2018-08-26,"2018",1,"14/07/2015",1,367448,5048268,"7.30011127193932","45.573522921766255",97,48,157,10,8,"Graminacee",575,299,NA,NA,NA
"9",45,"A",2,6,NA,"R","E-F",31,"F","A","R",NA,241,2018-08-29,"2018",1,"14/07/2015",1,367448,5048268,"7.30011127193932","45.573522921766255",97,48,157,10,8,"Graminacee",575,299,NA,NA,NA
"9",61,"A",2,11,NA,"N","Bg/Cb/Eb",23,"F","G","NR",NA,246,2016-09-02,"2016",1,"14/07/2015",1,367448,5048268,"7.30011127193932","45.573522921766255",97,48,157,10,8,"Graminacee",575,299,NA,NA,NA
"9",37,"T",2,3,NA,"R","E-F",33,"F","A","R",NA,239,2018-08-27,"2018",1,"14/07/2015",1,367448,5048268,"7.30011127193932","45.573522921766255",97,48,157,10,8,"Graminacee",575,299,NA,NA,NA
"9",87,"T",2,7,"1313807","R",NA,31,"F","A","R",NA,242,2015-08-30,"2015",1,"14/07/2015",1,367448,5048268,"7.30011127193932","45.573522921766255",97,48,157,10,8,"Graminacee",575,299,NA,NA,NA
