"ID_TRAPPOLA";"ID_cattura";"ALBA";"sessione";"occasione";"chip";"ricattura";"pelo";"peso..g.";"sex";"eta";"statoripr";"NOTE";"DOY";"Data_R";"Anno";"SESSIONE";"data.attivazione";"occasione.attivazione";"ED50.Coord.X";"ED50.Coord.Y";"WGS84.Coord.Long";"WGS84.Coord.Lat";"Diametro.roccia.1..cm.";"Diametro.roccia.2..cm.";"Diametro.roccia.3..cm.";"alt_m";"aspect_deg";"slope_degr";"X..COP..VEG..2015";"X..COP..VEG..2018";"n_species";"dominant";"distanza.trappole..cm...da.75a1.";"angolo.trappole..gradi.AZ..da75a1.";"Cop_Veg_2015_ottavi";"Cop_Veg_2018_ottavi"
"10";19;"A";1;10;NA;"R";"SI 8";31;"F";"A";"NR";NA;248;2014-09-05;"2014";1;"14/07/2015";1;367456;5048264;"7.300.214.843.071.250";"45.573.488.459.293.300";58;34;41;2784,308;343;0;35;37,5;20;"Graminacee";833;298;2,8;3
"10";14;"A";1;12;"1317018";"R";"E";34;"F";"A";"R";NA;201;2015-07-20;"2015";1;"14/07/2015";1;367456;5048264;"7.300.214.843.071.250";"45.573.488.459.293.300";58;34;41;2784,308;343;0;35;37,5;20;"Graminacee";833;298;2,8;3
"10";33;"A";2;3;NA;"N";"Eg/Fg";31;"M";"A";"NR";NA;242;2016-08-29;"2016";1;"14/07/2015";1;367456;5048264;"7.300.214.843.071.250";"45.573.488.459.293.300";58;34;41;2784,308;343;0;35;37,5;20;"Graminacee";833;298;2,8;3
"11";28;"A";1;13;NA;"R?";"D/Fb";27;"M";"A";"NR";NA;239;2017-08-27;"2017";1;"14/07/2015";1;367461;5048242;"7.300.284.868.935.770";"4.557.329.147.910.890";151;36;55;2788,967;328;0;5;0;7;"Oxyria digyna";1166;304;0,4;0
"11";3;"A";1;2;NA;"N ";"SI e";41;"M";"A";"R";NA;244;2014-09-01;"2014";1;"14/07/2015";1;367461;5048242;"7.300.284.868.935.770";"4.557.329.147.910.890";151;36;55;2788,967;328;0;5;0;7;"Oxyria digyna";1166;304;0,4;0
"11";60;"A";2;11;NA;"N";"Eg/Fb";25;"F";"G";"NR";NA;246;2016-09-02;"2016";1;"14/07/2015";1;367461;5048242;"7.300.284.868.935.770";"4.557.329.147.910.890";151;36;55;2788,967;328;0;5;0;7;"Oxyria digyna";1166;304;0,4;0
"11";1;"T";1;1;"1315302";"N";NA;36;"F";"A";"NR";NA;243;2014-08-31;"2014";1;"14/07/2015";1;367461;5048242;"7.300.284.868.935.770";"4.557.329.147.910.890";151;36;55;2788,967;328;0;5;0;7;"Oxyria digyna";1166;304;0,4;0
"11";52;"A";2;2;"1313807";"N";NA;35;"F";"A";"R";NA;240;2015-08-28;"2015";1;"14/07/2015";1;367461;5048242;"7.300.284.868.935.770";"4.557.329.147.910.890";151;36;55;2788,967;328;0;5;0;7;"Oxyria digyna";1166;304;0,4;0
"11";32;"T";1;14;NA;"R";"buco C (eD)";28;"M";"A";"NR";NA;239;2017-08-27;"2017";1;"14/07/2015";1;367461;5048242;"7.300.284.868.935.770";"4.557.329.147.910.890";151;36;55;2788,967;328;0;5;0;7;"Oxyria digyna";1166;304;0,4;0
"11";3;"A";1;2;NA;"N";"D";40;"F";"A";"NR";NA;203;2018-07-22;"2018";1;"14/07/2015";1;367461;5048242;"7.300.284.868.935.770";"4.557.329.147.910.890";151;36;55;2788,967;328;0;5;0;7;"Oxyria digyna";1166;304;0,4;0
"11";85;"A";2;15;NA;"N";NA;21;NA;"G";"NR";NA;248;2016-09-04;"2016";1;"14/07/2015";1;367461;5048242;"7.300.284.868.935.770";"4.557.329.147.910.890";151;36;55;2788,967;328;0;5;0;7;"Oxyria digyna";1166;304;0,4;0
"11";94;"A";2;17;NA;"N";NA;21;"M";"G";"NR";NA;249;2016-09-05;"2016";1;"14/07/2015";1;367461;5048242;"7.300.284.868.935.770";"4.557.329.147.910.890";151;36;55;2788,967;328;0;5;0;7;"Oxyria digyna";1166;304;0,4;0
"11";109;"A";2;14;"1314797";"R";NA;27;"M";"G";"NR";NA;246;2015-09-03;"2015";1;"14/07/2015";1;367461;5048242;"7.300.284.868.935.770";"4.557.329.147.910.890";151;36;55;2788,967;328;0;5;0;7;"Oxyria digyna";1166;304;0,4;0
"11";30;"T";2;1;NA;"N";"SENZA OCCHIO SIN";41;"F";"A";"NR";NA;238;2018-08-26;"2018";1;"14/07/2015";1;367461;5048242;"7.300.284.868.935.770";"4.557.329.147.910.890";151;36;55;2788,967;328;0;5;0;7;"Oxyria digyna";1166;304;0,4;0
"12";53;"A";1;17;NA;"R";"A/B/centro b";NA;"M";"A";"NR";"ripreso dopo 5 min";241;2017-08-29;"2017";1;"14/07/2015";1;367453;5048243;"73.001.821.127.137.900";"45.573.298.950.716.400";82;65;90;2788,297;320;18;30;12,5;14;"Graminacee";1037;298;2,4;1
"12";6;"A";1;6;"1317018";"N";"E";43;"F";"A";"R";NA;198;2015-07-17;"2015";1;"14/07/2015";1;367453;5048243;"73.001.821.127.137.900";"45.573.298.950.716.400";82;65;90;2788,297;320;18;30;12,5;14;"Graminacee";1037;298;2,4;1
"12";133;"T";2;23;"1314797";"R";NA;27;"M";"G";"NR";NA;250;2015-09-07;"2015";1;"14/07/2015";1;367453;5048243;"73.001.821.127.137.900";"45.573.298.950.716.400";82;65;90;2788,297;320;18;30;12,5;14;"Graminacee";1037;298;2,4;1
"12";11;"A";1;4;NA;"N";"E-F";41;"M";"A";"R";NA;204;2018-07-23;"2018";1;"14/07/2015";1;367453;5048243;"73.001.821.127.137.900";"45.573.298.950.716.400";82;65;90;2788,297;320;18;30;12,5;14;"Graminacee";1037;298;2,4;1
"12";30;"T";2;2;NA;"N";"A(dec)/Eg";35;"M";"A";"NR";NA;241;2016-08-28;"2016";1;"14/07/2015";1;367453;5048243;"73.001.821.127.137.900";"45.573.298.950.716.400";82;65;90;2788,297;320;18;30;12,5;14;"Graminacee";1037;298;2,4;1
"12";18;"A";1;8;NA;"N";NA;41;"M";"A";"NR";"morto";206;2018-07-25;"2018";1;"14/07/2015";1;367453;5048243;"73.001.821.127.137.900";"45.573.298.950.716.400";82;65;90;2788,297;320;18;30;12,5;14;"Graminacee";1037;298;2,4;1
"12";2;"A";1;2;NA;NA;NA;NA;NA;NA;NA;NA;204;2016-07-22;"2016";1;"14/07/2015";1;367453;5048243;"73.001.821.127.137.900";"45.573.298.950.716.400";82;65;90;2788,297;320;18;30;12,5;14;"Graminacee";1037;298;2,4;1
"12";72;"T";2;5;"1314797";"R";NA;25;"M";"G";"NR";NA;241;2015-08-29;"2015";1;"14/07/2015";1;367453;5048243;"73.001.821.127.137.900";"45.573.298.950.716.400";82;65;90;2788,297;320;18;30;12,5;14;"Graminacee";1037;298;2,4;1
"12";61;"T";2;3;"1314797";"R";NA;26;"M";"G";"NR";NA;240;2015-08-28;"2015";1;"14/07/2015";1;367453;5048243;"73.001.821.127.137.900";"45.573.298.950.716.400";82;65;90;2788,297;320;18;30;12,5;14;"Graminacee";1037;298;2,4;1
"12";15;"A";1;12;"1313062";"R";NA;44;"M";"A";"R";NA;201;2015-07-20;"2015";1;"14/07/2015";1;367453;5048243;"73.001.821.127.137.900";"45.573.298.950.716.400";82;65;90;2788,297;320;18;30;12,5;14;"Graminacee";1037;298;2,4;1
"13";21;"T";1;15;NA;"N";NA;36;"F";"A";NA;"*era senza pelo vicino alla coda";210;2016-07-28;"2016";1;"14/07/2015";1;367445;5048241;"7.300.080.171.018.730";"4.557.327.943.129.660";142;58;31;2788,767;301;22;5;0;10;"Muschio";782;290;0,4;0
"13";4;"A";1;2;NA;"N";"C";49;"M";"A";"R";NA;203;2018-07-22;"2018";1;"14/07/2015";1;367445;5048241;"7.300.080.171.018.730";"4.557.327.943.129.660";142;58;31;2788,767;301;22;5;0;10;"Muschio";782;290;0,4;0
"13";25;"T";1;15;NA;"N";NA;NA;NA;"G";"NR";NA;202;2015-07-21;"2015";1;"14/07/2015";1;367445;5048241;"7.300.080.171.018.730";"4.557.327.943.129.660";142;58;31;2788,767;301;22;5;0;10;"Muschio";782;290;0,4;0
"13";20;"A";1;14;NA;"N";NA;18;NA;"G";"NR";NA;202;2015-07-21;"2015";1;"14/07/2015";1;367445;5048241;"7.300.080.171.018.730";"4.557.327.943.129.660";142;58;31;2788,767;301;22;5;0;10;"Muschio";782;290;0,4;0
"13";17;"A";1;14;NA;"N";NA;46;"M";"A";NA;NA;210;2016-07-28;"2016";1;"14/07/2015";1;367445;5048241;"7.300.080.171.018.730";"4.557.327.943.129.660";142;58;31;2788,767;301;22;5;0;10;"Muschio";782;290;0,4;0
"13";93;"A";2;17;NA;"R";"C/Dg";29;"M";"A";"NR";"ricatturato dopo 5 min in ID 48";249;2016-09-05;"2016";1;"14/07/2015";1;367445;5048241;"7.300.080.171.018.730";"4.557.327.943.129.660";142;58;31;2788,767;301;22;5;0;10;"Muschio";782;290;0,4;0
"13";43;"T";1;16;NA;"R";"A/B/centro b";29;"M";"A";"NR";NA;240;2017-08-28;"2017";1;"14/07/2015";1;367445;5048241;"7.300.080.171.018.730";"4.557.327.943.129.660";142;58;31;2788,767;301;22;5;0;10;"Muschio";782;290;0,4;0
"13";53;"A";2;2;"1314797";"N";NA;25;"M";"G";"NR";NA;240;2015-08-28;"2015";1;"14/07/2015";1;367445;5048241;"7.300.080.171.018.730";"4.557.327.943.129.660";142;58;31;2788,767;301;22;5;0;10;"Muschio";782;290;0,4;0
"14";29;"A";1;13;NA;"R?";"buco centro e naso";30;"M";"A";"NR";NA;239;2017-08-27;"2017";1;"14/07/2015";1;367438;5048243;"7.299.989.953.853.150";"45.573.296.090.397.000";270;37;35;2788,457;317;10;50;50;21;"Graminacee";800;330;4;4
"14";120;"T";2;17;"1314797";"R";NA;27;"M";"G";"NR";NA;247;2015-09-04;"2015";1;"14/07/2015";1;367438;5048243;"7.299.989.953.853.150";"45.573.296.090.397.000";270;37;35;2788,457;317;10;50;50;21;"Graminacee";800;330;4;4
"14";37;"A";1;18;NA;"N";NA;18;NA;"G";"NR";NA;204;2015-07-23;"2015";1;"14/07/2015";1;367438;5048243;"7.299.989.953.853.150";"45.573.296.090.397.000";270;37;35;2788,457;317;10;50;50;21;"Graminacee";800;330;4;4
"14";92;"A";2;17;NA;"N";NA;23;NA;"G";"NR";NA;249;2016-09-05;"2016";1;"14/07/2015";1;367438;5048243;"7.299.989.953.853.150";"45.573.296.090.397.000";270;37;35;2788,457;317;10;50;50;21;"Graminacee";800;330;4;4
"14";110;"A";2;14;NA;"N";NA;20;"F";"G";"NR";NA;246;2015-09-03;"2015";1;"14/07/2015";1;367438;5048243;"7.299.989.953.853.150";"45.573.296.090.397.000";270;37;35;2788,457;317;10;50;50;21;"Graminacee";800;330;4;4
"14";40;"A";1;15;NA;"N";"A/B/centro b";31;"M";"A";"NR";NA;240;2017-08-28;"2017";1;"14/07/2015";1;367438;5048243;"7.299.989.953.853.150";"45.573.296.090.397.000";270;37;35;2788,457;317;10;50;50;21;"Graminacee";800;330;4;4
"14";93;"A";2;8;"1314797";"R";NA;24;"M";"G";"NR";NA;243;2015-08-31;"2015";1;"14/07/2015";1;367438;5048243;"7.299.989.953.853.150";"45.573.296.090.397.000";270;37;35;2788,457;317;10;50;50;21;"Graminacee";800;330;4;4
"14";24;"T";1;12;NA;"R";"Fg";28;"M";"A";"NR";NA;238;2017-08-26;"2017";1;"14/07/2015";1;367438;5048243;"7.299.989.953.853.150";"45.573.296.090.397.000";270;37;35;2788,457;317;10;50;50;21;"Graminacee";800;330;4;4
"14";88;"T";2;7;"1314797";"R";NA;23;"M";"G";"NR";NA;242;2015-08-30;"2015";1;"14/07/2015";1;367438;5048243;"7.299.989.953.853.150";"45.573.296.090.397.000";270;37;35;2788,457;317;10;50;50;21;"Graminacee";800;330;4;4
"14";126;"T";2;21;"1314797";"R";NA;25;"M";"G";"NR";NA;249;2015-09-06;"2015";1;"14/07/2015";1;367438;5048243;"7.299.989.953.853.150";"45.573.296.090.397.000";270;37;35;2788,457;317;10;50;50;21;"Graminacee";800;330;4;4
"15";20;"A";1;11;NA;"N";"Fg";28;"M";"A";"NR";NA;238;2017-08-26;"2017";1;"14/07/2015";1;367428;5048235;"7.299.864.020.373.830";"45.573.222.207.520.200";94;36;45;2790,556;332;9;10;87,5;15;"Graminacee";1268;83;0,8;7
"15";84;"A";2;15;NA;"R";"C/Dg";30;"M";"A";"NR";NA;248;2016-09-04;"2016";1;"14/07/2015";1;367428;5048235;"7.299.864.020.373.830";"45.573.222.207.520.200";94;36;45;2790,556;332;9;10;87,5;15;"Graminacee";1268;83;0,8;7
"15";123;"T";2;19;NA;"N";NA;23;NA;"G";"NR";NA;248;2015-09-05;"2015";1;"14/07/2015";1;367428;5048235;"7.299.864.020.373.830";"45.573.222.207.520.200";94;36;45;2790,556;332;9;10;87,5;15;"Graminacee";1268;83;0,8;7
"15";19;"A";1;14;NA;"N";"A/C";46;"M";"A";"R";NA;202;2015-07-21;"2015";1;"14/07/2015";1;367428;5048235;"7.299.864.020.373.830";"45.573.222.207.520.200";94;36;45;2790,556;332;9;10;87,5;15;"Graminacee";1268;83;0,8;7
"15";10;"A";1;12;NA;"N";NA;33;"F";NA;NA;NA;209;2016-07-27;"2016";1;"14/07/2015";1;367428;5048235;"7.299.864.020.373.830";"45.573.222.207.520.200";94;36;45;2790,556;332;9;10;87,5;15;"Graminacee";1268;83;0,8;7
"15";106;"T";2;9;NA;"N";NA;NA;NA;"G";"NR";NA;243;2015-08-31;"2015";1;"14/07/2015";1;367428;5048235;"7.299.864.020.373.830";"45.573.222.207.520.200";94;36;45;2790,556;332;9;10;87,5;15;"Graminacee";1268;83;0,8;7
"15";18;"A";1;14;NA;"N";NA;32;"F";NA;NA;NA;210;2016-07-28;"2016";1;"14/07/2015";1;367428;5048235;"7.299.864.020.373.830";"45.573.222.207.520.200";94;36;45;2790,556;332;9;10;87,5;15;"Graminacee";1268;83;0,8;7
"15";52;"A";1;17;NA;"R";"centro basso buco";NA;"M";"A";"R";"morto nel pomeriggio";241;2017-08-29;"2017";1;"14/07/2015";1;367428;5048235;"7.299.864.020.373.830";"45.573.222.207.520.200";94;36;45;2790,556;332;9;10;87,5;15;"Graminacee";1268;83;0,8;7
"16";29;"A";1;16;"1317018";"R";"E";31;"F";"A";"R";NA;203;2015-07-22;"2015";1;"14/07/2015";1;367419;5048242;"72.997.468.242.414.900";"45.573.283.469.885.300";120;50;22;2788,876;329;14;20;50;9;"Graminacee";553;148;1,6;4
"16";27;"A";1;10;"1313426";"R";NA;17;"F";"G";"NR";NA;248;2014-09-05;"2014";1;"14/07/2015";1;367419;5048242;"72.997.468.242.414.900";"45.573.283.469.885.300";120;50;22;2788,876;329;14;20;50;9;"Graminacee";553;148;1,6;4
"16";40;"T";2;4;NA;"N";NA;33;"M";"A";"NR";NA;242;2016-08-29;"2016";1;"14/07/2015";1;367419;5048242;"72.997.468.242.414.900";"45.573.283.469.885.300";120;50;22;2788,876;329;14;20;50;9;"Graminacee";553;148;1,6;4
"16";67;"A";2;4;"1313807";"R";NA;29;"F";"A";"R";NA;241;2015-08-29;"2015";1;"14/07/2015";1;367419;5048242;"72.997.468.242.414.900";"45.573.283.469.885.300";120;50;22;2788,876;329;14;20;50;9;"Graminacee";553;148;1,6;4
"16";6;"T";1;9;"1315467";"R";NA;NA;"F";"A";"NR";NA;207;2016-07-25;"2016";1;"14/07/2015";1;367419;5048242;"72.997.468.242.414.900";"45.573.283.469.885.300";120;50;22;2788,876;329;14;20;50;9;"Graminacee";553;148;1,6;4
"16";20;"A";1;10;NA;NA;NA;18;"M";"G";"NR";NA;248;2014-09-05;"2014";1;"14/07/2015";1;367419;5048242;"72.997.468.242.414.900";"45.573.283.469.885.300";120;50;22;2788,876;329;14;20;50;9;"Graminacee";553;148;1,6;4
"16";4;"A";1;8;NA;"N";"Eb/Fg";42;"M";"A";"R";NA;207;2016-07-25;"2016";1;"14/07/2015";1;367419;5048242;"72.997.468.242.414.900";"45.573.283.469.885.300";120;50;22;2788,876;329;14;20;50;9;"Graminacee";553;148;1,6;4
"16";36;"A";1;18;"1313062";"R";NA;43;"M";"A";"R";NA;204;2015-07-23;"2015";1;"14/07/2015";1;367419;5048242;"72.997.468.242.414.900";"45.573.283.469.885.300";120;50;22;2788,876;329;14;20;50;9;"Graminacee";553;148;1,6;4
"16";19;"A";1;11;NA;"N";"A/Bb";25;"F";"G";"NR";NA;238;2017-08-26;"2017";1;"14/07/2015";1;367419;5048242;"72.997.468.242.414.900";"45.573.283.469.885.300";120;50;22;2788,876;329;14;20;50;9;"Graminacee";553;148;1,6;4
"16";54;"T";2;10;NA;"R";"C/Dg";35;"M";"A";"NR";NA;245;2016-09-01;"2016";1;"14/07/2015";1;367419;5048242;"72.997.468.242.414.900";"45.573.283.469.885.300";120;50;22;2788,876;329;14;20;50;9;"Graminacee";553;148;1,6;4
"16";55;"A";2;2;NA;"N";NA;18;NA;"G";"NR";NA;240;2015-08-28;"2015";1;"14/07/2015";1;367419;5048242;"72.997.468.242.414.900";"45.573.283.469.885.300";120;50;22;2788,876;329;14;20;50;9;"Graminacee";553;148;1,6;4
"17";28;"A";2;1;NA;"N";NA;NA;NA;"A";NA;"in fin di vita";241;2016-08-28;"2016";1;"14/07/2015";1;367411;5048239;"7.299.645.154.322.730";"45.573.254.953.103.200";110;63;51;2788,526;0;10;55;25;21;"Salix herbacea";911;108;4,4;2
"17";25;"A";1;10;NA;"R";"E-F";38;"M";"A";"R";"morto";208;2018-07-27;"2018";1;"14/07/2015";1;367411;5048239;"7.299.645.154.322.730";"45.573.254.953.103.200";110;63;51;2788,526;0;10;55;25;21;"Salix herbacea";911;108;4,4;2
"17";25;"T";1;12;NA;"R";"A/Bb";23;"F";"G";"NR";NA;238;2017-08-26;"2017";1;"14/07/2015";1;367411;5048239;"7.299.645.154.322.730";"45.573.254.953.103.200";110;63;51;2788,526;0;10;55;25;21;"Salix herbacea";911;108;4,4;2
"18";50;"A";1;17;NA;"R";"A/B/centro b";28;"M";"A";"NR";NA;241;2017-08-29;"2017";1;"14/07/2015";1;367403;5048242;"7.299.541.854.893.780";"4.557.328.041.808.620";67;64;105;2785,836;345;12;5;62,5;11;"Graminacee";775;89;0,4;5
"18";121;"T";2;17;"1313807";"R";NA;29;"F";"A";"R";NA;247;2015-09-04;"2015";1;"14/07/2015";1;367403;5048242;"7.299.541.854.893.780";"4.557.328.041.808.620";67;64;105;2785,836;345;12;5;62,5;11;"Graminacee";775;89;0,4;5
"18";127;"T";2;21;NA;"N";NA;29;"M";"A";"NR";NA;249;2015-09-06;"2015";1;"14/07/2015";1;367403;5048242;"7.299.541.854.893.780";"4.557.328.041.808.620";67;64;105;2785,836;345;12;5;62,5;11;"Graminacee";775;89;0,4;5
"18";21;"A";1;10;"1313426";"N";NA;19;"F";"G";"NR";NA;248;2014-09-05;"2014";1;"14/07/2015";1;367403;5048242;"7.299.541.854.893.780";"4.557.328.041.808.620";67;64;105;2785,836;345;12;5;62,5;11;"Graminacee";775;89;0,4;5
"19";10;"A";1;4;NA;"N";"B";38;"M";"A";"R";NA;204;2018-07-23;"2018";1;"14/07/2015";1;367395;5048240;"7.299.439.913.470.600";"4.557.326.089.809.840";51;105;66;2784,286;325;0;55;37,5;24;"Graminacee";1212;103;4,4;3
"19";9;"A";1;8;NA;"N";"D";18;NA;"G";"NR";NA;199;2015-07-18;"2015";1;"14/07/2015";1;367395;5048240;"7.299.439.913.470.600";"4.557.326.089.809.840";51;105;66;2784,286;325;0;55;37,5;24;"Graminacee";1212;103;4,4;3
"19";26;"T";1;11;NA;"R";"E-F";31;"F";"A";"R";NA;209;2018-07-28;"2018";1;"14/07/2015";1;367395;5048240;"7.299.439.913.470.600";"4.557.326.089.809.840";51;105;66;2784,286;325;0;55;37,5;24;"Graminacee";1212;103;4,4;3
"19";4;"A";1;6;"1313062";"R";NA;44;"M";"A";"R";NA;198;2015-07-17;"2015";1;"14/07/2015";1;367395;5048240;"7.299.439.913.470.600";"4.557.326.089.809.840";51;105;66;2784,286;325;0;55;37,5;24;"Graminacee";1212;103;4,4;3
"19";100;"T";2;9;"1314797";"R";NA;23;"M";"G";"NR";NA;243;2015-08-31;"2015";1;"14/07/2015";1;367395;5048240;"7.299.439.913.470.600";"4.557.326.089.809.840";51;105;66;2784,286;325;0;55;37,5;24;"Graminacee";1212;103;4,4;3
"19";73;"T";2;5;"1314106";"R";NA;35;"M";"A";"R";NA;241;2015-08-29;"2015";1;"14/07/2015";1;367395;5048240;"7.299.439.913.470.600";"4.557.326.089.809.840";51;105;66;2784,286;325;0;55;37,5;24;"Graminacee";1212;103;4,4;3
"19";17;"A";1;8;NA;"R";"A-B";44;"M";"A";"R";NA;206;2018-07-25;"2018";1;"14/07/2015";1;367395;5048240;"7.299.439.913.470.600";"4.557.326.089.809.840";51;105;66;2784,286;325;0;55;37,5;24;"Graminacee";1212;103;4,4;3
"19";3;"A";1;4;"1313062";"R";NA;45;"M";"A";"R";NA;197;2015-07-16;"2015";1;"14/07/2015";1;367395;5048240;"7.299.439.913.470.600";"4.557.326.089.809.840";51;105;66;2784,286;325;0;55;37,5;24;"Graminacee";1212;103;4,4;3
"19";79;"A";2;6;"1313807";"R";NA;29;"F";"A";"R";NA;242;2015-08-30;"2015";1;"14/07/2015";1;367395;5048240;"7.299.439.913.470.600";"4.557.326.089.809.840";51;105;66;2784,286;325;0;55;37,5;24;"Graminacee";1212;103;4,4;3
"19";117;"A";2;14;"1314797";"R";NA;27;"M";"G";"NR";NA;246;2015-09-03;"2015";1;"14/07/2015";1;367395;5048240;"7.299.439.913.470.600";"4.557.326.089.809.840";51;105;66;2784,286;325;0;55;37,5;24;"Graminacee";1212;103;4,4;3
"19";12;"T";1;5;NA;"N";"C-D";40;"M";"A";"NR";NA;204;2018-07-23;"2018";1;"14/07/2015";1;367395;5048240;"7.299.439.913.470.600";"4.557.326.089.809.840";51;105;66;2784,286;325;0;55;37,5;24;"Graminacee";1212;103;4,4;3
"19";73;"A";2;13;NA;"R";"C/Dg";31;"M";"A";"NR";"orecchio";247;2016-09-03;"2016";1;"14/07/2015";1;367395;5048240;"7.299.439.913.470.600";"4.557.326.089.809.840";51;105;66;2784,286;325;0;55;37,5;24;"Graminacee";1212;103;4,4;3
"2";32;"A";2;3;NA;"N";"E/F/centro g";23;NA;"G";"NR";NA;242;2016-08-29;"2016";1;"14/07/2015";1;367395;5048256;"7.299.435.567.549.560";"4.557.340.484.970.020";176;42;76;2781,136;294;16;35;25;16;"Graminacee";920;264;2,8;2
"2";13;"A";1;6;"1314305";"R";NA;51;"M";"A";"R";NA;246;2014-09-03;"2014";1;"14/07/2015";1;367395;5048256;"7.299.435.567.549.560";"4.557.340.484.970.020";176;42;76;2781,136;294;16;35;25;16;"Graminacee";920;264;2,8;2
"2";87;"T";2;16;NA;"N";NA;24;NA;"G";"NR";NA;248;2016-09-04;"2016";1;"14/07/2015";1;367395;5048256;"7.299.435.567.549.560";"4.557.340.484.970.020";176;42;76;2781,136;294;16;35;25;16;"Graminacee";920;264;2,8;2
"2";52;"T";2;7;NA;"N";NA;25;"M";"G";"NR";NA;242;2018-08-30;"2018";1;"14/07/2015";1;367395;5048256;"7.299.435.567.549.560";"4.557.340.484.970.020";176;42;76;2781,136;294;16;35;25;16;"Graminacee";920;264;2,8;2
"2";46;"A";2;9;NA;"N";"C/Eb";20;NA;"G";"NR";NA;245;2016-09-01;"2016";1;"14/07/2015";1;367395;5048256;"7.299.435.567.549.560";"4.557.340.484.970.020";176;42;76;2781,136;294;16;35;25;16;"Graminacee";920;264;2,8;2
"2";13;"A";1;12;NA;"N";NA;36;NA;"A";NA;NA;201;2015-07-20;"2015";1;"14/07/2015";1;367395;5048256;"7.299.435.567.549.560";"4.557.340.484.970.020";176;42;76;2781,136;294;16;35;25;16;"Graminacee";920;264;2,8;2
"2";26;"A";2;1;NA;"N";"A/C g";21;NA;"G";"NR";NA;241;2016-08-28;"2016";1;"14/07/2015";1;367395;5048256;"7.299.435.567.549.560";"4.557.340.484.970.020";176;42;76;2781,136;294;16;35;25;16;"Graminacee";920;264;2,8;2
"2";44;"A";2;6;NA;"N";NA;28;"F";"G";"NR";NA;241;2018-08-29;"2018";1;"14/07/2015";1;367395;5048256;"7.299.435.567.549.560";"4.557.340.484.970.020";176;42;76;2781,136;294;16;35;25;16;"Graminacee";920;264;2,8;2
"2";91;"A";2;17;NA;"N";NA;24;NA;"G";"NR";NA;249;2016-09-05;"2016";1;"14/07/2015";1;367395;5048256;"7.299.435.567.549.560";"4.557.340.484.970.020";176;42;76;2781,136;294;16;35;25;16;"Graminacee";920;264;2,8;2
"2";82;"A";2;15;NA;"N";NA;32;NA;"G";"NR";NA;248;2016-09-04;"2016";1;"14/07/2015";1;367395;5048256;"7.299.435.567.549.560";"4.557.340.484.970.020";176;42;76;2781,136;294;16;35;25;16;"Graminacee";920;264;2,8;2
"2";14;"T";1;13;NA;"N";NA;42;"F";"A";"NR";NA;209;2016-07-27;"2016";1;"14/07/2015";1;367395;5048256;"7.299.435.567.549.560";"4.557.340.484.970.020";176;42;76;2781,136;294;16;35;25;16;"Graminacee";920;264;2,8;2
"2";24;"A";1;16;NA;"N";NA;43;"M";NA;NA;NA;211;2016-07-29;"2016";1;"14/07/2015";1;367395;5048256;"7.299.435.567.549.560";"4.557.340.484.970.020";176;42;76;2781,136;294;16;35;25;16;"Graminacee";920;264;2,8;2
"2";13;"T";1;5;NA;"R";"F";33;"F";"A";"NR";NA;204;2018-07-23;"2018";1;"14/07/2015";1;367395;5048256;"7.299.435.567.549.560";"4.557.340.484.970.020";176;42;76;2781,136;294;16;35;25;16;"Graminacee";920;264;2,8;2
"20";9;"A";1;4;NA;"N";"F";42;"F";"A";"NR";NA;204;2018-07-23;"2018";1;"14/07/2015";1;367385;5048242;"7.299.311.264.416.940";"4.557.327.698.437.280";98;53;16;2783,886;275;5;45;25;29;"Graminacee";1084;74;3,6;2
"20";38;"A";2;4;NA;"R";"A piccolo";35;"F";"A";"R";NA;240;2018-08-28;"2018";1;"14/07/2015";1;367385;5048242;"7.299.311.264.416.940";"4.557.327.698.437.280";98;53;16;2783,886;275;5;45;25;29;"Graminacee";1084;74;3,6;2
"20";16;"T";1;7;NA;"N";"E-F";41;"M";"A";"R";NA;205;2018-07-24;"2018";1;"14/07/2015";1;367385;5048242;"7.299.311.264.416.940";"4.557.327.698.437.280";98;53;16;2783,886;275;5;45;25;29;"Graminacee";1084;74;3,6;2
"20";3;"A";2;4;NA;"N";NA;27;"F";NA;"NR";NA;239;2019-08-27;"2019";1;"14/07/2015";1;367385;5048242;"7.299.311.264.416.940";"4.557.327.698.437.280";98;53;16;2783,886;275;5;45;25;29;"Graminacee";1084;74;3,6;2
"20";24;"A";1;10;NA;"R";"SENZA OCCHIO SIN";39;"F";"A";"NR";NA;208;2018-07-27;"2018";1;"14/07/2015";1;367385;5048242;"7.299.311.264.416.940";"4.557.327.698.437.280";98;53;16;2783,886;275;5;45;25;29;"Graminacee";1084;74;3,6;2
"20";21;"T";1;9;NA;"N";"E-F";36;"F";"A";"R";NA;206;2018-07-25;"2018";1;"14/07/2015";1;367385;5048242;"7.299.311.264.416.940";"4.557.327.698.437.280";98;53;16;2783,886;275;5;45;25;29;"Graminacee";1084;74;3,6;2
"21";95;"A";2;17;NA;"R";NA;30;"M";"A";"NR";NA;249;2016-09-05;"2016";1;"14/07/2015";1;367376;5048244;"7.299.195.425.877.630";"4.557.329.326.128.980";75;81;70;2782,476;292;13;45;12,5;26;"Graminacee";819;89;3,6;1
"23";128;"T";2;21;NA;"N";NA;19;NA;"G";"NR";NA;249;2015-09-06;"2015";1;"14/07/2015";1;367357;5048243;"7.298.952.296.505.400";"4.557.328.063.908.910";51;176;39;2779,905;293;14;20;25;16;"Muschio";1381;74;1,6;2
"23";5;"A";1;6;NA;"N";"F";36;"F";"A";"NR";NA;198;2015-07-17;"2015";1;"14/07/2015";1;367357;5048243;"7.298.952.296.505.400";"4.557.328.063.908.910";51;176;39;2779,905;293;14;20;25;16;"Muschio";1381;74;1,6;2
"23";23;"A";1;16;NA;"N";NA;40;"F";NA;NA;NA;211;2016-07-29;"2016";1;"14/07/2015";1;367357;5048243;"7.298.952.296.505.400";"4.557.328.063.908.910";51;176;39;2779,905;293;14;20;25;16;"Muschio";1381;74;1,6;2
"23";131;"T";2;23;NA;"N";NA;19;NA;"G";"NR";NA;250;2015-09-07;"2015";1;"14/07/2015";1;367357;5048243;"7.298.952.296.505.400";"4.557.328.063.908.910";51;176;39;2779,905;293;14;20;25;16;"Muschio";1381;74;1,6;2
"23";9;"T";1;8;NA;NA;NA;NA;NA;NA;NA;NA;236;2017-08-24;"2017";1;"14/07/2015";1;367357;5048243;"7.298.952.296.505.400";"4.557.328.063.908.910";51;176;39;2779,905;293;14;20;25;16;"Muschio";1381;74;1,6;2
"23";11;"T";1;10;NA;"N";"centrog";42;"M";"A";"NR";NA;237;2017-08-25;"2017";1;"14/07/2015";1;367357;5048243;"7.298.952.296.505.400";"4.557.328.063.908.910";51;176;39;2779,905;293;14;20;25;16;"Muschio";1381;74;1,6;2
"23";30;"A";1;13;NA;"R";"centrog";35;"M";"A";"NR";NA;239;2017-08-27;"2017";1;"14/07/2015";1;367357;5048243;"7.298.952.296.505.400";"4.557.328.063.908.910";51;176;39;2779,905;293;14;20;25;16;"Muschio";1381;74;1,6;2
"23";43;"T";2;4;NA;"R";"E/F/centro g";23;NA;"G";"NR";NA;242;2016-08-29;"2016";1;"14/07/2015";1;367357;5048243;"7.298.952.296.505.400";"4.557.328.063.908.910";51;176;39;2779,905;293;14;20;25;16;"Muschio";1381;74;1,6;2
"23";1;"T";1;1;"1313062";"N";NA;43;"M";"A";"R";NA;195;2015-07-14;"2015";1;"14/07/2015";1;367357;5048243;"7.298.952.296.505.400";"4.557.328.063.908.910";51;176;39;2779,905;293;14;20;25;16;"Muschio";1381;74;1,6;2
"23";5;"A";1;2;NA;"N";"A";31;"M";"G";"R";NA;203;2018-07-22;"2018";1;"14/07/2015";1;367357;5048243;"7.298.952.296.505.400";"4.557.328.063.908.910";51;176;39;2779,905;293;14;20;25;16;"Muschio";1381;74;1,6;2
"23";58;"A";1;17;NA;"R";"centro buco";35;"M";"A";"NR";NA;241;2017-08-29;"2017";1;"14/07/2015";1;367357;5048243;"7.298.952.296.505.400";"4.557.328.063.908.910";51;176;39;2779,905;293;14;20;25;16;"Muschio";1381;74;1,6;2
"24";3;"A";1;2;NA;NA;NA;NA;NA;NA;NA;NA;204;2016-07-22;"2016";1;"14/07/2015";1;367343;5048244;"7.298.772.676.681.570";"4.557.328.696.450.980";301;168;34;2777,925;322;10;10;37,5;17;"Graminacee";943;69;0,8;3
"24";56;"A";2;8;NA;"N";NA;28;"F";"G";"NR";NA;243;2018-08-31;"2018";1;"14/07/2015";1;367343;5048244;"7.298.772.676.681.570";"4.557.328.696.450.980";301;168;34;2777,925;322;10;10;37,5;17;"Graminacee";943;69;0,8;3
"24";59;"T";2;9;NA;NA;NA;NA;NA;NA;NA;"morto per ermellino";245;2018-09-02;"2018";1;"14/07/2015";1;367343;5048244;"7.298.772.676.681.570";"4.557.328.696.450.980";301;168;34;2777,925;322;10;10;37,5;17;"Graminacee";943;69;0,8;3
"25";54;"A";1;17;NA;"R?";"A/F buchi";15;"M";"G";"NR";NA;241;2017-08-29;"2017";1;"14/07/2015";1;367334;5048247;"7.298.656.566.237.350";"4.557.331.223.784.930";212;308;52;2778,035;315;11;60;25;29;"Graminacee";762;74;4,8;2
"26";43;"A";1;20;NA;"N";NA;18;NA;"G";"NR";NA;205;2015-07-24;"2015";1;"16/07/2015";5;367329;5048242;"7.298.593.872.088.710";"4.557.326.629.873.360";63;52;40;2777,935;342;11;40;62,5;21;"Graminacee";926;78;3,2;5
"26";6;"T";1;3;"1314305";"N";NA;45;"M";"A";"R";NA;244;2014-09-01;"2014";1;"16/07/2015";5;367329;5048242;"7.298.593.872.088.710";"4.557.326.629.873.360";63;52;40;2777,935;342;11;40;62,5;21;"Graminacee";926;78;3,2;5
"26";35;"A";2;3;"1314988";"N";NA;40;"M";"A";"NR";NA;242;2016-08-29;"2016";1;"16/07/2015";5;367329;5048242;"7.298.593.872.088.710";"4.557.326.629.873.360";63;52;40;2777,935;342;11;40;62,5;21;"Graminacee";926;78;3,2;5
"26";29;"A";2;1;NA;"N";"A/B g";24;NA;"G";"NR";NA;241;2016-08-28;"2016";1;"16/07/2015";5;367329;5048242;"7.298.593.872.088.710";"4.557.326.629.873.360";63;52;40;2777,935;342;11;40;62,5;21;"Graminacee";926;78;3,2;5
"26";26;"T";1;15;NA;"N";NA;NA;NA;"G";"NR";NA;202;2015-07-21;"2015";1;"16/07/2015";5;367329;5048242;"7.298.593.872.088.710";"4.557.326.629.873.360";63;52;40;2777,935;342;11;40;62,5;21;"Graminacee";926;78;3,2;5
"26";10;"A";1;4;"1314112";"N";"NA ";41;"M";"A";"NR";NA;245;2014-09-02;"2014";1;"16/07/2015";5;367329;5048242;"7.298.593.872.088.710";"4.557.326.629.873.360";63;52;40;2777,935;342;11;40;62,5;21;"Graminacee";926;78;3,2;5
"26";22;"A";1;10;"1314112";"R";NA;32;"M";"A";"NR";NA;248;2014-09-05;"2014";1;"16/07/2015";5;367329;5048242;"7.298.593.872.088.710";"4.557.326.629.873.360";63;52;40;2777,935;342;11;40;62,5;21;"Graminacee";926;78;3,2;5
"27";34;"A";2;2;NA;"N";"A";41;"M";"A";"NR";NA;239;2018-08-27;"2018";1;"16/07/2015";5;367341;5048230;"7.298.750.859.728.840";"45.573.160.625.227.600";80;105;172;2778,374;325;0;35;25;24;"Graminacee";646;112;2,8;2
"28";50;"T";2;1;NA;"N";"A/E";35;"M";"A";"NR";NA;239;2015-08-27;"2015";1;"16/07/2015";5;367348;5048230;"7.298.840.533.586.950";"4.557.316.196.105.310";117;66;91;2778,965;340;20;45;37,5;26;"Alchemilla alpina";731;76;3,6;3
"28";39;"A";2;4;NA;"N";NA;28;"M";"G";"NR";NA;240;2018-08-28;"2018";1;"16/07/2015";5;367348;5048230;"7.298.840.533.586.950";"4.557.316.196.105.310";117;66;91;2778,965;340;20;45;37,5;26;"Alchemilla alpina";731;76;3,6;3
"28";57;"T";2;10;NA;"R";"D/Fg";24;NA;"G";"NR";NA;245;2016-09-01;"2016";1;"16/07/2015";5;367348;5048230;"7.298.840.533.586.950";"4.557.316.196.105.310";117;66;91;2778,965;340;20;45;37,5;26;"Alchemilla alpina";731;76;3,6;3
"28";64;"A";2;11;NA;"N";"A/Eg/ Cb";25;NA;"G";"NR";NA;246;2016-09-02;"2016";1;"16/07/2015";5;367348;5048230;"7.298.840.533.586.950";"4.557.316.196.105.310";117;66;91;2778,965;340;20;45;37,5;26;"Alchemilla alpina";731;76;3,6;3
"28";11;"A";1;12;NA;"N";NA;38;"M";NA;NA;NA;209;2016-07-27;"2016";1;"16/07/2015";5;367348;5048230;"7.298.840.533.586.950";"4.557.316.196.105.310";117;66;91;2778,965;340;20;45;37,5;26;"Alchemilla alpina";731;76;3,6;3
"28";22;"A";1;11;NA;"N";"crentrob";15;"F";"G";"NR";NA;238;2017-08-26;"2017";1;"16/07/2015";5;367348;5048230;"7.298.840.533.586.950";"4.557.316.196.105.310";117;66;91;2778,965;340;20;45;37,5;26;"Alchemilla alpina";731;76;3,6;3
"28";1;"A";1;2;NA;"N";"A (dec)";37;"M";"A";NA;NA;204;2016-07-22;"2016";1;"16/07/2015";5;367348;5048230;"7.298.840.533.586.950";"4.557.316.196.105.310";117;66;91;2778,965;340;20;45;37,5;26;"Alchemilla alpina";731;76;3,6;3
"28";84;"A";2;6;"1312250";"R";"A/E";28;"M";"A";"NR";NA;242;2015-08-30;"2015";1;"16/07/2015";5;367348;5048230;"7.298.840.533.586.950";"4.557.316.196.105.310";117;66;91;2778,965;340;20;45;37,5;26;"Alchemilla alpina";731;76;3,6;3
"29";21;"A";1;11;NA;"N";"A/C/Eb";15;"M";"G";"NR";NA;238;2017-08-26;"2017";1;"16/07/2015";5;367355;5048228;"7.298.930.750.850.100";"45.573.145.302.862.300";93;80;64;2780,335;314;14;45;37,5;22;"Graminacee";705;95;3,6;3
"29";8;"T";1;6;NA;"R";"B/Fg";12;"M";"G";"NR";NA;235;2017-08-23;"2017";1;"16/07/2015";5;367355;5048228;"7.298.930.750.850.100";"45.573.145.302.862.300";93;80;64;2780,335;314;14;45;37,5;22;"Graminacee";705;95;3,6;3
"29";81;"A";2;15;NA;"R";"ID50";20;NA;"G";"NR";NA;248;2016-09-04;"2016";1;"16/07/2015";5;367355;5048228;"7.298.930.750.850.100";"45.573.145.302.862.300";93;80;64;2780,335;314;14;45;37,5;22;"Graminacee";705;95;3,6;3
"29";63;"T";2;3;"1314691";"R";"F";35;"F";"A";"NR";NA;240;2015-08-28;"2015";1;"16/07/2015";5;367355;5048228;"7.298.930.750.850.100";"45.573.145.302.862.300";93;80;64;2780,335;314;14;45;37,5;22;"Graminacee";705;95;3,6;3
"29";2;"A";1;8;NA;"N";NA;39;"F";"A";"NR";NA;210;2019-07-29;"2019";1;"16/07/2015";5;367355;5048228;"7.298.930.750.850.100";"45.573.145.302.862.300";93;80;64;2780,335;314;14;45;37,5;22;"Graminacee";705;95;3,6;3
"29";11;"T";1;5;"1314305";"R";NA;48;"M";"A";"NR";NA;245;2014-09-02;"2014";1;"16/07/2015";5;367355;5048228;"7.298.930.750.850.100";"45.573.145.302.862.300";93;80;64;2780,335;314;14;45;37,5;22;"Graminacee";705;95;3,6;3
"29";24;"A";1;14;NA;"N";NA;17;NA;"G";"NR";NA;202;2015-07-21;"2015";1;"16/07/2015";5;367355;5048228;"7.298.930.750.850.100";"45.573.145.302.862.300";93;80;64;2780,335;314;14;45;37,5;22;"Graminacee";705;95;3,6;3
"29";51;"T";2;1;NA;"N";"A";39;NA;"A";NA;NA;239;2015-08-27;"2015";1;"16/07/2015";5;367355;5048228;"7.298.930.750.850.100";"45.573.145.302.862.300";93;80;64;2780,335;314;14;45;37,5;22;"Graminacee";705;95;3,6;3
"3";88;"T";2;16;NA;"N";NA;24;NA;"G";"NR";NA;248;2016-09-04;"2016";1;"14/07/2015";1;367400;5048260;"7.299.498.534.160.590";"4.557.344.179.138.950";51;88;62;2781,067;310;0;25;25;13;"Graminacee";891;249;2;2
"3";20;"A";1;8;NA;"R";"E-F/A";42;"M";"A";"R";NA;206;2018-07-25;"2018";1;"14/07/2015";1;367400;5048260;"7.299.498.534.160.590";"4.557.344.179.138.950";51;88;62;2781,067;310;0;25;25;13;"Graminacee";891;249;2;2
"3";56;"T";2;10;NA;"R";"C/Eb";24;NA;"G";"NR";NA;245;2016-09-01;"2016";1;"14/07/2015";1;367400;5048260;"7.299.498.534.160.590";"4.557.344.179.138.950";51;88;62;2781,067;310;0;25;25;13;"Graminacee";891;249;2;2
"3";97;"A";2;17;NA;"N";NA;20;NA;"G";"NR";NA;249;2016-09-05;"2016";1;"14/07/2015";1;367400;5048260;"7.299.498.534.160.590";"4.557.344.179.138.950";51;88;62;2781,067;310;0;25;25;13;"Graminacee";891;249;2;2
"3";53;"T";2;7;NA;"N";NA;18;"M";"G";"NR";NA;242;2018-08-30;"2018";1;"14/07/2015";1;367400;5048260;"7.299.498.534.160.590";"4.557.344.179.138.950";51;88;62;2781,067;310;0;25;25;13;"Graminacee";891;249;2;2
"3";119;"T";2;17;NA;"N";NA;17;NA;"G";"NR";NA;247;2015-09-04;"2015";1;"14/07/2015";1;367400;5048260;"7.299.498.534.160.590";"4.557.344.179.138.950";51;88;62;2781,067;310;0;25;25;13;"Graminacee";891;249;2;2
"3";118;"A";2;14;NA;"N";NA;18;NA;"G";"NR";NA;246;2015-09-03;"2015";1;"14/07/2015";1;367400;5048260;"7.299.498.534.160.590";"4.557.344.179.138.950";51;88;62;2781,067;310;0;25;25;13;"Graminacee";891;249;2;2
"3";66;"A";2;4;"1314106";"R";NA;32;"M";"A";"R";NA;241;2015-08-29;"2015";1;"14/07/2015";1;367400;5048260;"7.299.498.534.160.590";"4.557.344.179.138.950";51;88;62;2781,067;310;0;25;25;13;"Graminacee";891;249;2;2
"3";31;"T";2;2;NA;"R";"Bg";38;"M";"A";"NR";NA;241;2016-08-28;"2016";1;"14/07/2015";1;367400;5048260;"7.299.498.534.160.590";"4.557.344.179.138.950";51;88;62;2781,067;310;0;25;25;13;"Graminacee";891;249;2;2
"30";44;"A";1;20;"1314691";"R";"F";36;"F";"A";"NR";NA;205;2015-07-24;"2015";1;"16/07/2015";5;367365;5048228;"7.299.058.856.340.740";"4.557.314.721.096.070";295;61;56;2781,125;12;2;35;50;27;"Graminacee";1336;97;2,8;4
"30";28;"A";1;12;"1314305";"R";NA;40;"M";"A";"R";NA;249;2014-09-06;"2014";1;"16/07/2015";5;367365;5048228;"7.299.058.856.340.740";"4.557.314.721.096.070";295;61;56;2781,125;12;2;35;50;27;"Graminacee";1336;97;2,8;4
"30";19;"A";1;14;"1315467";"R";NA;NA;"F";"A";"NR";NA;210;2016-07-28;"2016";1;"16/07/2015";5;367365;5048228;"7.299.058.856.340.740";"4.557.314.721.096.070";295;61;56;2781,125;12;2;35;50;27;"Graminacee";1336;97;2,8;4
"30";32;"A";2;2;NA;"N";NA;25;"M";"G";"NR";NA;239;2018-08-27;"2018";1;"16/07/2015";5;367365;5048228;"7.299.058.856.340.740";"4.557.314.721.096.070";295;61;56;2781,125;12;2;35;50;27;"Graminacee";1336;97;2,8;4
"30";98;"A";2;17;NA;"R";"ID 50";22;"M";"G";"NR";NA;249;2016-09-05;"2016";1;"16/07/2015";5;367365;5048228;"7.299.058.856.340.740";"4.557.314.721.096.070";295;61;56;2781,125;12;2;35;50;27;"Graminacee";1336;97;2,8;4
"30";3;"A";1;3;NA;"N";"Eg";12;NA;"G";"NR";NA;234;2017-08-22;"2017";1;"16/07/2015";5;367365;5048228;"7.299.058.856.340.740";"4.557.314.721.096.070";295;61;56;2781,125;12;2;35;50;27;"Graminacee";1336;97;2,8;4
"30";65;"A";2;11;"1314988";"R";NA;37;"M";"A";"NR";"ricatturato dopo 5 min nella trp. 32 per 2 voltr";246;2016-09-02;"2016";1;"16/07/2015";5;367365;5048228;"7.299.058.856.340.740";"4.557.314.721.096.070";295;61;56;2781,125;12;2;35;50;27;"Graminacee";1336;97;2,8;4
"30";57;"A";1;17;NA;"R";"centro basso g";14;"F";"G";"NR";NA;241;2017-08-29;"2017";1;"16/07/2015";5;367365;5048228;"7.299.058.856.340.740";"4.557.314.721.096.070";295;61;56;2781,125;12;2;35;50;27;"Graminacee";1336;97;2,8;4
"31";48;"T";2;7;NA;"N";"B";36;"F";"A";"R";NA;241;2018-08-29;"2018";1;"14/07/2015";5;367369;5048231;"7.299.109.283.528.120";"4.557.317.496.508.140";440;44;56;2780,575;62;20;15;12,5;15;"Graminacee";731;84;1,2;1
"31";46;"A";1;20;NA;"N";NA;18;NA;"G";"NR";NA;205;2015-07-24;"2015";1;"14/07/2015";5;367369;5048231;"7.299.109.283.528.120";"4.557.317.496.508.140";440;44;56;2780,575;62;20;15;12,5;15;"Graminacee";731;84;1,2;1
"31";34;"T";1;17;NA;"N";NA;19;NA;"G";"NR";NA;203;2015-07-22;"2015";1;"14/07/2015";5;367369;5048231;"7.299.109.283.528.120";"4.557.317.496.508.140";440;44;56;2780,575;62;20;15;12,5;15;"Graminacee";731;84;1,2;1
"31";66;"A";2;11;NA;"R";"Bb";24;NA;"G";"NR";NA;246;2016-09-02;"2016";1;"14/07/2015";5;367369;5048231;"7.299.109.283.528.120";"4.557.317.496.508.140";440;44;56;2780,575;62;20;15;12,5;15;"Graminacee";731;84;1,2;1
"31";64;"T";2;3;"1312250";"R";"A/E";30;"M";"A";"NR";NA;240;2015-08-28;"2015";1;"14/07/2015";5;367369;5048231;"7.299.109.283.528.120";"4.557.317.496.508.140";440;44;56;2780,575;62;20;15;12,5;15;"Graminacee";731;84;1,2;1
"31";44;"A";2;9;NA;"N";"D/Fg";20;NA;"G";"NR";NA;245;2016-09-01;"2016";1;"14/07/2015";5;367369;5048231;"7.299.109.283.528.120";"4.557.317.496.508.140";440;44;56;2780,575;62;20;15;12,5;15;"Graminacee";731;84;1,2;1
"31";35;"A";1;14;"1314112";"R";NA;29;"M";"A";"NR";NA;250;2014-09-07;"2014";1;"14/07/2015";5;367369;5048231;"7.299.109.283.528.120";"4.557.317.496.508.140";440;44;56;2780,575;62;20;15;12,5;15;"Graminacee";731;84;1,2;1
"31";35;"A";1;15;NA;"N";"B/centro b";25;"M";"A";"NR";NA;240;2017-08-28;"2017";1;"14/07/2015";5;367369;5048231;"7.299.109.283.528.120";"4.557.317.496.508.140";440;44;56;2780,575;62;20;15;12,5;15;"Graminacee";731;84;1,2;1
"31";71;"A";2;13;"1314988";"R";NA;37;"M";"A";"NR";"ricatturato dopo 10 min nella trap. 30";247;2016-09-03;"2016";1;"14/07/2015";5;367369;5048231;"7.299.109.283.528.120";"4.557.317.496.508.140";440;44;56;2780,575;62;20;15;12,5;15;"Graminacee";731;84;1,2;1
"31";58;"T";2;10;NA;"N";NA;26;"F";"G";"NR";NA;245;2016-09-01;"2016";1;"14/07/2015";5;367369;5048231;"7.299.109.283.528.120";"4.557.317.496.508.140";440;44;56;2780,575;62;20;15;12,5;15;"Graminacee";731;84;1,2;1
"31";31;"T";1;14;NA;"R";"centro basso g";15;"F";"G";"NR";NA;239;2017-08-27;"2017";1;"14/07/2015";5;367369;5048231;"7.299.109.283.528.120";"4.557.317.496.508.140";440;44;56;2780,575;62;20;15;12,5;15;"Graminacee";731;84;1,2;1
"31";105;"T";2;9;"1312250";"R";"A/E";26;"M";"A";"NR";NA;243;2015-08-31;"2015";1;"14/07/2015";5;367369;5048231;"7.299.109.283.528.120";"4.557.317.496.508.140";440;44;56;2780,575;62;20;15;12,5;15;"Graminacee";731;84;1,2;1
"31";37;"A";1;15;NA;"R";"centro basso g";16;"F";"G";"NR";NA;240;2017-08-28;"2017";1;"14/07/2015";5;367369;5048231;"7.299.109.283.528.120";"4.557.317.496.508.140";440;44;56;2780,575;62;20;15;12,5;15;"Graminacee";731;84;1,2;1
"32";12;"A";1;8;NA;"N";"A/C";39;"M";"A";"NR";NA;199;2015-07-18;"2015";1;"16/07/2015";5;367379;5048223;"729.923.956.229.858";"4.557.310.489.718.480";104;147;37;2783,285;34;19;5;0;7;"Muschio";752;62;0,4;0
"32";60;"A";2;2;NA;NA;NA;NA;"M";"A";"R";NA;240;2015-08-28;"2015";1;"16/07/2015";5;367379;5048223;"729.923.956.229.858";"4.557.310.489.718.480";104;147;37;2783,285;34;19;5;0;7;"Muschio";752;62;0,4;0
"32";90;"T";2;16;NA;"R";"ID 50";24;NA;"G";"NR";NA;248;2016-09-04;"2016";1;"16/07/2015";5;367379;5048223;"729.923.956.229.858";"4.557.310.489.718.480";104;147;37;2783,285;34;19;5;0;7;"Muschio";752;62;0,4;0
"32";9;"T";1;11;"1315467";"R";NA;NA;"F";"A";"NR";NA;208;2016-07-26;"2016";1;"16/07/2015";5;367379;5048223;"729.923.956.229.858";"4.557.310.489.718.480";104;147;37;2783,285;34;19;5;0;7;"Muschio";752;62;0,4;0
"32";56;"A";1;17;NA;"R";"B/centro b";28;"M";"A";"NR";NA;241;2017-08-29;"2017";1;"16/07/2015";5;367379;5048223;"729.923.956.229.858";"4.557.310.489.718.480";104;147;37;2783,285;34;19;5;0;7;"Muschio";752;62;0,4;0
"32";80;"A";2;15;"1314988";"R";NA;NA;"M";"A";"NR";"morto";248;2016-09-04;"2016";1;"16/07/2015";5;367379;5048223;"729.923.956.229.858";"4.557.310.489.718.480";104;147;37;2783,285;34;19;5;0;7;"Muschio";752;62;0,4;0
"32";38;"A";1;15;NA;"N";"C/Eg";16;"M";"G";"NR";NA;240;2017-08-28;"2017";1;"16/07/2015";5;367379;5048223;"729.923.956.229.858";"4.557.310.489.718.480";104;147;37;2783,285;34;19;5;0;7;"Muschio";752;62;0,4;0
"32";45;"A";2;9;"1314988";"R";NA;40;"M";"A";"NR";NA;245;2016-09-01;"2016";1;"16/07/2015";5;367379;5048223;"729.923.956.229.858";"4.557.310.489.718.480";104;147;37;2783,285;34;19;5;0;7;"Muschio";752;62;0,4;0
"32";22;"A";1;16;"1315467";"R";NA;NA;"F";"A";"NR";NA;211;2016-07-29;"2016";1;"16/07/2015";5;367379;5048223;"729.923.956.229.858";"4.557.310.489.718.480";104;147;37;2783,285;34;19;5;0;7;"Muschio";752;62;0,4;0
"32";12;"A";1;12;"1315467";"R";NA;NA;"F";"A";"NR";NA;209;2016-07-27;"2016";1;"16/07/2015";5;367379;5048223;"729.923.956.229.858";"4.557.310.489.718.480";104;147;37;2783,285;34;19;5;0;7;"Muschio";752;62;0,4;0
"32";23;"T";1;12;NA;"N";"centro basso g";15;"F";"G";"NR";NA;238;2017-08-26;"2017";1;"16/07/2015";5;367379;5048223;"729.923.956.229.858";"4.557.310.489.718.480";104;147;37;2783,285;34;19;5;0;7;"Muschio";752;62;0,4;0
"32";79;"T";2;14;NA;"R";"ID 50";24;NA;"G";"NR";NA;247;2016-09-03;"2016";1;"16/07/2015";5;367379;5048223;"729.923.956.229.858";"4.557.310.489.718.480";104;147;37;2783,285;34;19;5;0;7;"Muschio";752;62;0,4;0
"32";27;"A";1;13;NA;"N";"centro alto/basso b";15;"F";"G";"NR";NA;239;2017-08-27;"2017";1;"16/07/2015";5;367379;5048223;"729.923.956.229.858";"4.557.310.489.718.480";104;147;37;2783,285;34;19;5;0;7;"Muschio";752;62;0,4;0
"32";99;"A";2;17;"1313472";"N";NA;25;"F";"A";"NR";NA;249;2016-09-05;"2016";1;"16/07/2015";5;367379;5048223;"729.923.956.229.858";"4.557.310.489.718.480";104;147;37;2783,285;34;19;5;0;7;"Muschio";752;62;0,4;0
"32";46;"T";1;16;NA;"R";"C/Eg";16;"M";"G";"NR";NA;240;2017-08-28;"2017";1;"16/07/2015";5;367379;5048223;"729.923.956.229.858";"4.557.310.489.718.480";104;147;37;2783,285;34;19;5;0;7;"Muschio";752;62;0,4;0
"32";70;"T";2;12;NA;"N";"B/Fb /Dg";25;"F";"G";"NR";NA;246;2016-09-02;"2016";1;"16/07/2015";5;367379;5048223;"729.923.956.229.858";"4.557.310.489.718.480";104;147;37;2783,285;34;19;5;0;7;"Muschio";752;62;0,4;0
"33";43;"A";2;6;NA;"N";NA;29;"F";"G";"NR";NA;241;2018-08-29;"2018";1;"16/07/2015";5;367382;5048217;"7.299.279.623.781.200";"4.557.305.148.767.650";105;89;74;2785,225;58;25;40;0;19;"Saxifraga";858;48;3,2;0
"33";6;"A";1;2;NA;"N";NA;26;"M";"G";"NR";"morto";203;2018-07-22;"2018";1;"16/07/2015";5;367382;5048217;"7.299.279.623.781.200";"4.557.305.148.767.650";105;89;74;2785,225;58;25;40;0;19;"Saxifraga";858;48;3,2;0
"33";114;"A";2;14;"1315467";"R";NA;27;"F";"A";"NR";NA;246;2015-09-03;"2015";1;"16/07/2015";5;367382;5048217;"7.299.279.623.781.200";"4.557.305.148.767.650";105;89;74;2785,225;58;25;40;0;19;"Saxifraga";858;48;3,2;0
"33";23;"A";1;14;NA;"N";"A";22;NA;"G";"NR";NA;202;2015-07-21;"2015";1;"16/07/2015";5;367382;5048217;"7.299.279.623.781.200";"4.557.305.148.767.650";105;89;74;2785,225;58;25;40;0;19;"Saxifraga";858;48;3,2;0
"33";54;"A";2;8;NA;"N";NA;25;"F";"G";"NR";NA;243;2018-08-31;"2018";1;"16/07/2015";5;367382;5048217;"7.299.279.623.781.200";"4.557.305.148.767.650";105;89;74;2785,225;58;25;40;0;19;"Saxifraga";858;48;3,2;0
"33";5;"A";1;8;"1315467";"R";"g";35;"F";"A";"NR";NA;207;2016-07-25;"2016";1;"16/07/2015";5;367382;5048217;"7.299.279.623.781.200";"4.557.305.148.767.650";105;89;74;2785,225;58;25;40;0;19;"Saxifraga";858;48;3,2;0
"33";8;"A";1;10;NA;"N";"Cg/Ep";38;"M";"A";"NR";NA;208;2016-07-26;"2016";1;"16/07/2015";5;367382;5048217;"7.299.279.623.781.200";"4.557.305.148.767.650";105;89;74;2785,225;58;25;40;0;19;"Saxifraga";858;48;3,2;0
"33";41;"T";2;5;NA;"N";NA;31;"M";"G";"NR";NA;240;2018-08-28;"2018";1;"16/07/2015";5;367382;5048217;"7.299.279.623.781.200";"4.557.305.148.767.650";105;89;74;2785,225;58;25;40;0;19;"Saxifraga";858;48;3,2;0
"33";5;"T";1;4;NA;"R";"Eg";12;NA;"G";"NR";NA;234;2017-08-22;"2017";1;"16/07/2015";5;367382;5048217;"7.299.279.623.781.200";"4.557.305.148.767.650";105;89;74;2785,225;58;25;40;0;19;"Saxifraga";858;48;3,2;0
"33";18;"A";1;12;"1315296";"N";NA;46;NA;"A";NA;NA;201;2015-07-20;"2015";1;"16/07/2015";5;367382;5048217;"7.299.279.623.781.200";"4.557.305.148.767.650";105;89;74;2785,225;58;25;40;0;19;"Saxifraga";858;48;3,2;0
"33";29;"A";1;12;"1314112";"R";NA;29;"M";"A";"NR";NA;249;2014-09-06;"2014";1;"16/07/2015";5;367382;5048217;"7.299.279.623.781.200";"4.557.305.148.767.650";105;89;74;2785,225;58;25;40;0;19;"Saxifraga";858;48;3,2;0
"33";27;"T";1;11;NA;"N";NA;20;NA;"G";"NR";NA;210;2018-07-29;"2018";1;"16/07/2015";5;367382;5048217;"7.299.279.623.781.200";"4.557.305.148.767.650";105;89;74;2785,225;58;25;40;0;19;"Saxifraga";858;48;3,2;0
"33";67;"A";2;11;NA;"N";"Eg";21;"M";"G";"NR";NA;246;2016-09-02;"2016";1;"16/07/2015";5;367382;5048217;"7.299.279.623.781.200";"4.557.305.148.767.650";105;89;74;2785,225;58;25;40;0;19;"Saxifraga";858;48;3,2;0
"34";31;"A";1;16;NA;"N";"B";42;"M";"A";"R";NA;203;2015-07-22;"2015";1;"16/07/2015";5;367398;5048230;"7.299.481.061.328.060";"4.557.317.150.061.790";124;61;56;2785,966;38;21;10;12,5;17;"Muschio";1227;316;0,8;1
"34";27;"T";1;15;NA;"R";"+";NA;NA;"A";NA;NA;202;2015-07-21;"2015";1;"16/07/2015";5;367398;5048230;"7.299.481.061.328.060";"4.557.317.150.061.790";124;61;56;2785,966;38;21;10;12,5;17;"Muschio";1227;316;0,8;1
"34";45;"T";1;16;NA;"R";"centro basso g";16;"F";"G";"NR";NA;240;2017-08-28;"2017";1;"16/07/2015";5;367398;5048230;"7.299.481.061.328.060";"4.557.317.150.061.790";124;61;56;2785,966;38;21;10;12,5;17;"Muschio";1227;316;0,8;1
"34";39;"A";2;3;"1315467";"R";NA;30;"F";"A";"NR";"deceduta";242;2016-08-29;"2016";1;"16/07/2015";5;367398;5048230;"7.299.481.061.328.060";"4.557.317.150.061.790";124;61;56;2785,966;38;21;10;12,5;17;"Muschio";1227;316;0,8;1
"34";55;"A";1;17;NA;"R";"C/Eg";15;"M";"G";"NR";NA;241;2017-08-29;"2017";1;"16/07/2015";5;367398;5048230;"7.299.481.061.328.060";"4.557.317.150.061.790";124;61;56;2785,966;38;21;10;12,5;17;"Muschio";1227;316;0,8;1
"34";39;"A";1;18;NA;"R";"B";41;"M";"A";"R";NA;204;2015-07-23;"2015";1;"16/07/2015";5;367398;5048230;"7.299.481.061.328.060";"4.557.317.150.061.790";124;61;56;2785,966;38;21;10;12,5;17;"Muschio";1227;316;0,8;1
"34";14;"A";1;11;NA;"N";"Cb";32;"M";"A";"NR";NA;238;2017-08-26;"2017";1;"16/07/2015";5;367398;5048230;"7.299.481.061.328.060";"4.557.317.150.061.790";124;61;56;2785,966;38;21;10;12,5;17;"Muschio";1227;316;0,8;1
"34";86;"A";2;6;"1315467";"N";NA;30;"F";"A";"NR";NA;242;2015-08-30;"2015";1;"16/07/2015";5;367398;5048230;"7.299.481.061.328.060";"4.557.317.150.061.790";124;61;56;2785,966;38;21;10;12,5;17;"Muschio";1227;316;0,8;1
"34";130;"T";2;21;"1315467";"R";NA;25;"F";"A";"NR";NA;249;2015-09-06;"2015";1;"16/07/2015";5;367398;5048230;"7.299.481.061.328.060";"4.557.317.150.061.790";124;61;56;2785,966;38;21;10;12,5;17;"Muschio";1227;316;0,8;1
"35";38;"A";2;3;NA;"N";"B/Eb";22;"F";"G";"NR";NA;242;2016-08-29;"2016";1;"16/07/2015";5;367404;5048233;"7.299.557.109.879.930";"4.557.319.963.605.220";64;205;217;2787,826;358;26;5;37,5;5;"Muschio";1284;270;0,4;3
"35";71;"A";2;4;"1312250";"R";"A/E";27;"M";"A";"NR";NA;241;2015-08-29;"2015";1;"16/07/2015";5;367404;5048233;"7.299.557.109.879.930";"4.557.319.963.605.220";64;205;217;2787,826;358;26;5;37,5;5;"Muschio";1284;270;0,4;3
"35";92;"A";2;8;"1315467";"R";NA;28;"F";"A";"NR";NA;243;2015-08-31;"2015";1;"16/07/2015";5;367404;5048233;"7.299.557.109.879.930";"4.557.319.963.605.220";64;205;217;2787,826;358;26;5;37,5;5;"Muschio";1284;270;0,4;3
"35";6;"T";1;4;NA;"N";"B/Fg";13;"M";"G";"NR";NA;234;2017-08-22;"2017";1;"16/07/2015";5;367404;5048233;"7.299.557.109.879.930";"4.557.319.963.605.220";64;205;217;2787,826;358;26;5;37,5;5;"Muschio";1284;270;0,4;3
"35";4;"A";1;2;"1314921";"N";NA;39;"F";"A";NA;NA;244;2014-09-01;"2014";1;"16/07/2015";5;367404;5048233;"7.299.557.109.879.930";"4.557.319.963.605.220";64;205;217;2787,826;358;26;5;37,5;5;"Muschio";1284;270;0,4;3
"35";90;"T";2;7;"1312250";"R";"A/E";35;"M";"A";"NR";NA;242;2015-08-30;"2015";1;"16/07/2015";5;367404;5048233;"7.299.557.109.879.930";"4.557.319.963.605.220";64;205;217;2787,826;358;26;5;37,5;5;"Muschio";1284;270;0,4;3
"35";115;"A";2;14;"1312250";"R";"A/E";28;"M";"A";"NR";NA;246;2015-09-03;"2015";1;"16/07/2015";5;367404;5048233;"7.299.557.109.879.930";"4.557.319.963.605.220";64;205;217;2787,826;358;26;5;37,5;5;"Muschio";1284;270;0,4;3
"35";76;"T";2;5;"1312250";"R";"A/E";30;"M";"A";"R";NA;241;2015-08-29;"2015";1;"16/07/2015";5;367404;5048233;"7.299.557.109.879.930";"4.557.319.963.605.220";64;205;217;2787,826;358;26;5;37,5;5;"Muschio";1284;270;0,4;3
"35";36;"T";2;3;NA;"N";NA;29;"F";"G";"NR";NA;239;2018-08-27;"2018";1;"16/07/2015";5;367404;5048233;"7.299.557.109.879.930";"4.557.319.963.605.220";64;205;217;2787,826;358;26;5;37,5;5;"Muschio";1284;270;0,4;3
"35";129;"T";2;21;"1312250";"R";"A/E";29;"M";"A";"NR";NA;249;2015-09-06;"2015";1;"16/07/2015";5;367404;5048233;"7.299.557.109.879.930";"4.557.319.963.605.220";64;205;217;2787,826;358;26;5;37,5;5;"Muschio";1284;270;0,4;3
"35";38;"A";1;18;NA;"N";NA;36;NA;"A";"NR";NA;204;2015-07-23;"2015";1;"16/07/2015";5;367404;5048233;"7.299.557.109.879.930";"4.557.319.963.605.220";64;205;217;2787,826;358;26;5;37,5;5;"Muschio";1284;270;0,4;3
"35";75;"A";2;13;NA;"N";NA;23;NA;"G";"NR";NA;247;2016-09-03;"2016";1;"16/07/2015";5;367404;5048233;"7.299.557.109.879.930";"4.557.319.963.605.220";64;205;217;2787,826;358;26;5;37,5;5;"Muschio";1284;270;0,4;3
"35";44;"T";1;16;NA;"R?";"A buchi";17;"F";"G";"NR";NA;240;2017-08-28;"2017";1;"16/07/2015";5;367404;5048233;"7.299.557.109.879.930";"4.557.319.963.605.220";64;205;217;2787,826;358;26;5;37,5;5;"Muschio";1284;270;0,4;3
"35";85;"A";2;6;"1314691";"R";"F";38;"F";"A";"NR";NA;242;2015-08-30;"2015";1;"16/07/2015";5;367404;5048233;"7.299.557.109.879.930";"4.557.319.963.605.220";64;205;217;2787,826;358;26;5;37,5;5;"Muschio";1284;270;0,4;3
"35";45;"A";1;20;NA;"N";NA;18;NA;"G";"NR";NA;205;2015-07-24;"2015";1;"16/07/2015";5;367404;5048233;"7.299.557.109.879.930";"4.557.319.963.605.220";64;205;217;2787,826;358;26;5;37,5;5;"Muschio";1284;270;0,4;3
"36";47;"A";2;6;NA;"N";NA;25;"F";"G";"NR";NA;241;2018-08-29;"2018";1;"16/07/2015";5;367414;5048239;"7.299.683.586.057.610";"4.557.325.552.530.850";84;104;57;2789,296;343;18;5;0;12;"Silene acaulis";1074;265;0,4;0
"36";49;"T";2;7;NA;NA;NA;NA;NA;NA;NA;"morto";241;2018-08-29;"2018";1;"16/07/2015";5;367414;5048239;"7.299.683.586.057.610";"4.557.325.552.530.850";84;104;57;2789,296;343;18;5;0;12;"Silene acaulis";1074;265;0,4;0
"37";20;"A";1;14;"Ermellino";NA;NA;NA;NA;NA;NA;NA;210;2016-07-28;"2016";1;"16/07/2015";5;367419;5048230;"7.299.750.083.075.150";"4.557.317.550.616.460";126;39;54;2791,196;320;15;0;25;2;"Muschio";825;285;0;2
"37";55;"A";2;8;NA;NA;NA;NA;"M";"A";"R";"morto per ermellino";243;2018-08-31;"2018";1;"16/07/2015";5;367419;5048230;"7.299.750.083.075.150";"4.557.317.550.616.460";126;39;54;2791,196;320;15;0;25;2;"Muschio";825;285;0;2
"37";15;"A";1;11;NA;"R";"B/Fg";16;"M";"G";"NR";NA;238;2017-08-26;"2017";1;"16/07/2015";5;367419;5048230;"7.299.750.083.075.150";"4.557.317.550.616.460";126;39;54;2791,196;320;15;0;25;2;"Muschio";825;285;0;2
"37";101;"T";2;18;NA;"R";"D/Fg";25;"M";"G";"NR";"buco in F";249;2016-09-05;"2016";1;"16/07/2015";5;367419;5048230;"7.299.750.083.075.150";"4.557.317.550.616.460";126;39;54;2791,196;320;15;0;25;2;"Muschio";825;285;0;2
"37";65;"T";2;3;"1314269";"N";NA;37;"M";"A";"NR";NA;240;2015-08-28;"2015";1;"16/07/2015";5;367419;5048230;"7.299.750.083.075.150";"4.557.317.550.616.460";126;39;54;2791,196;320;15;0;25;2;"Muschio";825;285;0;2
"37";91;"A";2;8;"1312250";"R";"A/E";38;"M";"A";"NR";NA;243;2015-08-31;"2015";1;"16/07/2015";5;367419;5048230;"7.299.750.083.075.150";"4.557.317.550.616.460";126;39;54;2791,196;320;15;0;25;2;"Muschio";825;285;0;2
"37";2;"T";1;1;NA;"N";"E";40;"M";"A";"R";NA;202;2018-07-21;"2018";1;"16/07/2015";5;367419;5048230;"7.299.750.083.075.150";"4.557.317.550.616.460";126;39;54;2791,196;320;15;0;25;2;"Muschio";825;285;0;2
"37";13;"A";1;12;NA;"N";NA;44;"M";"A";"R";NA;209;2016-07-27;"2016";1;"16/07/2015";5;367419;5048230;"7.299.750.083.075.150";"4.557.317.550.616.460";126;39;54;2791,196;320;15;0;25;2;"Muschio";825;285;0;2
"37";100;"A";2;17;NA;"R";"D/Fg";22;"M";"G";"NR";"buco in F";249;2016-09-05;"2016";1;"16/07/2015";5;367419;5048230;"7.299.750.083.075.150";"4.557.317.550.616.460";126;39;54;2791,196;320;15;0;25;2;"Muschio";825;285;0;2
"38";37;"A";2;3;NA;"N";"C/Dg";41;"M";"A";"R";NA;242;2016-08-29;"2016";1;"16/07/2015";5;367425;5048229;"7.299.827.217.998.250";"4.557.316.765.351.300";60;93;292;2791,986;351;13;0;0;2;"Muschio";771;272;0;0
"38";33;"T";1;17;NA;"N";"C/D";45;NA;"A";"NR";NA;203;2015-07-22;"2015";1;"16/07/2015";5;367425;5048229;"7.299.827.217.998.250";"4.557.316.765.351.300";60;93;292;2791,986;351;13;0;0;2;"Muschio";771;272;0;0
"38";14;"A";1;6;NA;"N";NA;34;"M";"A";"NR";"morto";205;2018-07-24;"2018";1;"16/07/2015";5;367425;5048229;"7.299.827.217.998.250";"4.557.316.765.351.300";60;93;292;2791,986;351;13;0;0;2;"Muschio";771;272;0;0
"39";8;"A";1;4;NA;"R";"D";30;"M";"G";"NR";NA;204;2018-07-23;"2018";1;"16/07/2015";5;367435;5048226;"7.299.956.138.206.340";"4.557.314.256.967.350";60;67;81;2793,246;343;20;25;0;15;"Muschio";1000;273;2;0
"39";39;"A";1;15;NA;"R";"strisce A/C/E B/D/F";29;"F";"A";"NR";NA;240;2017-08-28;"2017";1;"16/07/2015";5;367435;5048226;"7.299.956.138.206.340";"4.557.314.256.967.350";60;67;81;2793,246;343;20;25;0;15;"Muschio";1000;273;2;0
"39";1;"T";1;1;NA;"N";"F";33;"F";"A";"NR";NA;202;2018-07-21;"2018";1;"16/07/2015";5;367435;5048226;"7.299.956.138.206.340";"4.557.314.256.967.350";60;67;81;2793,246;343;20;25;0;15;"Muschio";1000;273;2;0
"39";16;"A";1;11;NA;"R";"C/Dg";30;"M";"A";"NR";NA;238;2017-08-26;"2017";1;"16/07/2015";5;367435;5048226;"7.299.956.138.206.340";"4.557.314.256.967.350";60;67;81;2793,246;343;20;25;0;15;"Muschio";1000;273;2;0
"39";59;"A";2;2;"1314691";"R";"F";38;"F";"A";"NR";NA;240;2015-08-28;"2015";1;"16/07/2015";5;367435;5048226;"7.299.956.138.206.340";"4.557.314.256.967.350";60;67;81;2793,246;343;20;25;0;15;"Muschio";1000;273;2;0
"39";17;"A";1;12;NA;"N";NA;14;NA;"G";"NR";NA;201;2015-07-20;"2015";1;"16/07/2015";5;367435;5048226;"7.299.956.138.206.340";"4.557.314.256.967.350";60;67;81;2793,246;343;20;25;0;15;"Muschio";1000;273;2;0
"39";36;"A";2;3;NA;"N";"Bb";22;"F";"G";"NR";NA;242;2016-08-29;"2016";1;"16/07/2015";5;367435;5048226;"7.299.956.138.206.340";"4.557.314.256.967.350";60;67;81;2793,246;343;20;25;0;15;"Muschio";1000;273;2;0
"39";15;"A";1;6;NA;"N";"A";40;"F";"A";"NR";NA;205;2018-07-24;"2018";1;"16/07/2015";5;367435;5048226;"7.299.956.138.206.340";"4.557.314.256.967.350";60;67;81;2793,246;343;20;25;0;15;"Muschio";1000;273;2;0
"39";49;"T";2;1;NA;"N";"A/B";35;"F";"A";"NR";NA;239;2015-08-27;"2015";1;"16/07/2015";5;367435;5048226;"7.299.956.138.206.340";"4.557.314.256.967.350";60;67;81;2793,246;343;20;25;0;15;"Muschio";1000;273;2;0
"39";78;"T";2;14;NA;"R";"D/Fg";22;"M";"G";"NR";NA;247;2016-09-03;"2016";1;"16/07/2015";5;367435;5048226;"7.299.956.138.206.340";"4.557.314.256.967.350";60;67;81;2793,246;343;20;25;0;15;"Muschio";1000;273;2;0
"4";1;"A";1;1;NA;"N";"Ag";34;"M";"A";"R";NA;233;2017-08-21;"2017";1;"14/07/2015";1;367409;5048262;"72.996.132.865.560.000";"4.557.346.150.207.160";99;30;36;2781,087;293;8;50;62,5;23;"Graminacee";774;232;4;5
"4";12;"T";1;10;NA;"R";"centrog";34;"M";"A";"NR";NA;237;2017-08-25;"2017";1;"14/07/2015";1;367409;5048262;"72.996.132.865.560.000";"4.557.346.150.207.160";99;30;36;2781,087;293;8;50;62,5;23;"Graminacee";774;232;4;5
"4";27;"A";2;1;NA;"N";"Bg";31;"M";"A";"NR";NA;241;2016-08-28;"2016";1;"14/07/2015";1;367409;5048262;"72.996.132.865.560.000";"4.557.346.150.207.160";99;30;36;2781,087;293;8;50;62,5;23;"Graminacee";774;232;4;5
"40";75;"T";2;5;"1315457";"R";"A/B";28;"F";"A";"NR";NA;241;2015-08-29;"2015";1;"16/07/2015";5;367439;5048226;"7.300.007.380.425.840";"4.557.314.333.247.010";145;88;52;2793,356;324;24;10;25;13;"Muschio";757;234;0,8;2
"40";49;"A";2;9;NA;"R";"buchi in A/B";24;NA;"A";NA;NA;245;2016-09-01;"2016";1;"16/07/2015";5;367439;5048226;"7.300.007.380.425.840";"4.557.314.333.247.010";145;88;52;2793,356;324;24;10;25;13;"Muschio";757;234;0,8;2
"40";33;"A";2;2;NA;"N";NA;29;"M";"G";"NR";NA;239;2018-08-27;"2018";1;"16/07/2015";5;367439;5048226;"7.300.007.380.425.840";"4.557.314.333.247.010";145;88;52;2793,356;324;24;10;25;13;"Muschio";757;234;0,8;2
"40";26;"T";1;12;NA;"R";"strisce A/C/E B/D/F";28;"F";"A";"NR";NA;238;2017-08-26;"2017";1;"16/07/2015";5;367439;5048226;"7.300.007.380.425.840";"4.557.314.333.247.010";145;88;52;2793,356;324;24;10;25;13;"Muschio";757;234;0,8;2
"40";16;"A";1;12;NA;"N";"E";16;NA;"G";"NR";NA;201;2015-07-20;"2015";1;"16/07/2015";5;367439;5048226;"7.300.007.380.425.840";"4.557.314.333.247.010";145;88;52;2793,356;324;24;10;25;13;"Muschio";757;234;0,8;2
"40";17;"A";1;11;NA;"R";"Eb";25;"M";"A";"NR";NA;238;2017-08-26;"2017";1;"16/07/2015";5;367439;5048226;"7.300.007.380.425.840";"4.557.314.333.247.010";145;88;52;2793,356;324;24;10;25;13;"Muschio";757;234;0,8;2
"40";30;"A";1;12;"1314912";"N";NA;32;"F";"A";"NR";NA;249;2014-09-06;"2014";1;"16/07/2015";5;367439;5048226;"7.300.007.380.425.840";"4.557.314.333.247.010";145;88;52;2793,356;324;24;10;25;13;"Muschio";757;234;0,8;2
"41";4;"A";1;3;NA;"R";"E/F buchi";NA;NA;NA;NA;"morto";234;2017-08-22;"2017";1;"16/07/2015";5;367451;5048223;"73.001.619.216.044.300";"4.557.311.862.978.570";140;52;84;2795,176;328;21;60;0;32;"Graminacee";1113;222;4,8;0
"41";47;"A";1;17;NA;"R";"strisce A/C/E B/D/F";26;"F";"A";"NR";NA;241;2017-08-29;"2017";1;"16/07/2015";5;367451;5048223;"73.001.619.216.044.300";"4.557.311.862.978.570";140;52;84;2795,176;328;21;60;0;32;"Graminacee";1113;222;4,8;0
"41";48;"A";2;9;NA;NA;NA;NA;NA;"A";NA;"scappato";245;2016-09-01;"2016";1;"16/07/2015";5;367451;5048223;"73.001.619.216.044.300";"4.557.311.862.978.570";140;52;84;2795,176;328;21;60;0;32;"Graminacee";1113;222;4,8;0
"41";59;"A";1;17;NA;"R";"C/Dg";25;"M";"A";"NR";NA;241;2017-08-29;"2017";1;"16/07/2015";5;367451;5048223;"73.001.619.216.044.300";"4.557.311.862.978.570";140;52;84;2795,176;328;21;60;0;32;"Graminacee";1113;222;4,8;0
"42";33;"T";1;14;NA;"R";"C/D g";22;"M";"A";"NR";NA;239;2017-08-27;"2017";1;"16/07/2015";5;367458;5048224;"7.300.251.323.973.220";"45.573.128.961.481.800";108;42;67;2796,527;320;23;0;50;0;NA;931;228;0;4
"42";28;"T";1;11;NA;"R";"D";35;"F";"A";"NR";NA;210;2018-07-29;"2018";1;"16/07/2015";5;367458;5048224;"7.300.251.323.973.220";"45.573.128.961.481.800";108;42;67;2796,527;320;23;0;50;0;NA;931;228;0;4
"42";19;"A";1;8;NA;"N";"D";34;"F";"A";"NR";NA;206;2018-07-25;"2018";1;"16/07/2015";5;367458;5048224;"7.300.251.323.973.220";"45.573.128.961.481.800";108;42;67;2796,527;320;23;0;50;0;NA;931;228;0;4
"42";74;"A";2;13;NA;"R";"buchi in B/D";28;"M";"A";"NR";"buchi in B/D, guance, sopra coda";247;2016-09-03;"2016";1;"16/07/2015";5;367458;5048224;"7.300.251.323.973.220";"45.573.128.961.481.800";108;42;67;2796,527;320;23;0;50;0;NA;931;228;0;4
"42";30;"A";1;16;NA;"R";"F";33;"F";"A";"NR";NA;203;2015-07-22;"2015";1;"16/07/2015";5;367458;5048224;"7.300.251.323.973.220";"45.573.128.961.481.800";108;42;67;2796,527;320;23;0;50;0;NA;931;228;0;4
"42";50;"A";2;9;"1315647";"N";NA;34;"F";"A";"NR";NA;245;2016-09-01;"2016";1;"16/07/2015";5;367458;5048224;"7.300.251.323.973.220";"45.573.128.961.481.800";108;42;67;2796,527;320;23;0;50;0;NA;931;228;0;4
"42";22;"A";1;14;NA;"R";"C";37;"F";"A";"R";NA;202;2015-07-21;"2015";1;"16/07/2015";5;367458;5048224;"7.300.251.323.973.220";"45.573.128.961.481.800";108;42;67;2796,527;320;23;0;50;0;NA;931;228;0;4
"42";41;"T";1;16;NA;"R";"C/Dg";24;"M";"A";"NR";NA;240;2017-08-28;"2017";1;"16/07/2015";5;367458;5048224;"7.300.251.323.973.220";"45.573.128.961.481.800";108;42;67;2796,527;320;23;0;50;0;NA;931;228;0;4
"42";22;"T";1;9;NA;"N";"SENZA OCCHIO SIN";45;"F";"A";"NR";NA;206;2018-07-25;"2018";1;"16/07/2015";5;367458;5048224;"7.300.251.323.973.220";"45.573.128.961.481.800";108;42;67;2796,527;320;23;0;50;0;NA;931;228;0;4
"42";124;"T";2;19;NA;"N";NA;18;NA;"G";"NR";NA;248;2015-09-05;"2015";1;"16/07/2015";5;367458;5048224;"7.300.251.323.973.220";"45.573.128.961.481.800";108;42;67;2796,527;320;23;0;50;0;NA;931;228;0;4
"42";36;"A";1;15;NA;"R";"strisce A/C/E B/D/F";29;"F";"A";"NR";NA;240;2017-08-28;"2017";1;"16/07/2015";5;367458;5048224;"7.300.251.323.973.220";"45.573.128.961.481.800";108;42;67;2796,527;320;23;0;50;0;NA;931;228;0;4
"42";28;"T";1;15;"1313062";"R";NA;NA;"M";"A";"R";NA;202;2015-07-21;"2015";1;"16/07/2015";5;367458;5048224;"7.300.251.323.973.220";"45.573.128.961.481.800";108;42;67;2796,527;320;23;0;50;0;NA;931;228;0;4
"42";58;"A";2;8;NA;"N";NA;31;"F";"A";"NR";"morto";243;2018-08-31;"2018";1;"16/07/2015";5;367458;5048224;"7.300.251.323.973.220";"45.573.128.961.481.800";108;42;67;2796,527;320;23;0;50;0;NA;931;228;0;4
"43";7;"A";1;10;NA;"N";"Dg";45;"M";"A";"NR";NA;208;2016-07-26;"2016";1;"16/07/2015";5;367466;5048223;"73.003.540.798.770.000";"4.557.312.148.980.720";216;44;68;2797,937;332;20;0;25;4;"Saxifraga";727;281;0;2
"43";42;"T";1;16;NA;"R";"centrog";35;"M";"A";"NR";NA;240;2017-08-28;"2017";1;"16/07/2015";5;367466;5048223;"73.003.540.798.770.000";"4.557.312.148.980.720";216;44;68;2797,937;332;20;0;25;4;"Saxifraga";727;281;0;2
"43";46;"A";2;6;NA;"R";"A";38;"M";"A";"NR";NA;241;2018-08-29;"2018";1;"16/07/2015";5;367466;5048223;"73.003.540.798.770.000";"4.557.312.148.980.720";216;44;68;2797,937;332;20;0;25;4;"Saxifraga";727;281;0;2
"43";125;"T";2;19;"1314269";"R";NA;38;"M";"A";"NR";NA;248;2015-09-05;"2015";1;"16/07/2015";5;367466;5048223;"73.003.540.798.770.000";"4.557.312.148.980.720";216;44;68;2797,937;332;20;0;25;4;"Saxifraga";727;281;0;2
"43";70;"A";2;4;"1312387";"N";NA;26;"F";"A";"NR";NA;241;2015-08-29;"2015";1;"16/07/2015";5;367466;5048223;"73.003.540.798.770.000";"4.557.312.148.980.720";216;44;68;2797,937;332;20;0;25;4;"Saxifraga";727;281;0;2
"43";122;"T";2;17;"1314269";"R";NA;37;"M";"A";"NR";NA;247;2015-09-04;"2015";1;"16/07/2015";5;367466;5048223;"73.003.540.798.770.000";"4.557.312.148.980.720";216;44;68;2797,937;332;20;0;25;4;"Saxifraga";727;281;0;2
"43";15;"T";1;13;NA;"N";NA;46;"M";"A";"NR";NA;209;2016-07-27;"2016";1;"16/07/2015";5;367466;5048223;"73.003.540.798.770.000";"4.557.312.148.980.720";216;44;68;2797,937;332;20;0;25;4;"Saxifraga";727;281;0;2
"43";47;"A";2;9;NA;"N";NA;NA;NA;"G";"NR";NA;245;2016-09-01;"2016";1;"16/07/2015";5;367466;5048223;"73.003.540.798.770.000";"4.557.312.148.980.720";216;44;68;2797,937;332;20;0;25;4;"Saxifraga";727;281;0;2
"43";50;"T";2;7;NA;"N";"C";35;"F";"A";"NR";NA;242;2018-08-30;"2018";1;"16/07/2015";5;367466;5048223;"73.003.540.798.770.000";"4.557.312.148.980.720";216;44;68;2797,937;332;20;0;25;4;"Saxifraga";727;281;0;2
"43";2;"T";1;2;NA;"R";"E/F buchi";34;"M";"A";"NR";NA;233;2017-08-21;"2017";1;"16/07/2015";5;367466;5048223;"73.003.540.798.770.000";"4.557.312.148.980.720";216;44;68;2797,937;332;20;0;25;4;"Saxifraga";727;281;0;2
"43";48;"A";1;17;NA;"R";"centro buco";32;"M";"A";"NR";NA;241;2017-08-29;"2017";1;"16/07/2015";5;367466;5048223;"73.003.540.798.770.000";"4.557.312.148.980.720";216;44;68;2797,937;332;20;0;25;4;"Saxifraga";727;281;0;2
"43";63;"A";2;11;NA;"R";"buchi in A/B";NA;"M";"A";"NR";"morto";246;2016-09-02;"2016";1;"16/07/2015";5;367466;5048223;"73.003.540.798.770.000";"4.557.312.148.980.720";216;44;68;2797,937;332;20;0;25;4;"Saxifraga";727;281;0;2
"43";16;"A";1;14;NA;"N";NA;41;"F";NA;NA;NA;210;2016-07-28;"2016";1;"16/07/2015";5;367466;5048223;"73.003.540.798.770.000";"4.557.312.148.980.720";216;44;68;2797,937;332;20;0;25;4;"Saxifraga";727;281;0;2
"43";25;"T";1;17;NA;"N";NA;46;"M";"A";NA;NA;211;2016-07-29;"2016";1;"16/07/2015";5;367466;5048223;"73.003.540.798.770.000";"4.557.312.148.980.720";216;44;68;2797,937;332;20;0;25;4;"Saxifraga";727;281;0;2
"43";10;"T";1;8;NA;"R";"C/Dg";21;"M";"A";"NR";NA;236;2017-08-24;"2017";1;"16/07/2015";5;367466;5048223;"73.003.540.798.770.000";"4.557.312.148.980.720";216;44;68;2797,937;332;20;0;25;4;"Saxifraga";727;281;0;2
"43";42;"T";2;4;NA;"R";"C/Dg";41;"M";"A";"R";NA;242;2016-08-29;"2016";1;"16/07/2015";5;367466;5048223;"73.003.540.798.770.000";"4.557.312.148.980.720";216;44;68;2797,937;332;20;0;25;4;"Saxifraga";727;281;0;2
"43";11;"A";1;8;"1313039";"N";NA;33;"F";"A";"NR";NA;199;2015-07-18;"2015";1;"16/07/2015";5;367466;5048223;"73.003.540.798.770.000";"4.557.312.148.980.720";216;44;68;2797,937;332;20;0;25;4;"Saxifraga";727;281;0;2
"43";42;"T";2;5;NA;"R";"A piccolo";36;"F";"A";"R";NA;240;2018-08-28;"2018";1;"16/07/2015";5;367466;5048223;"73.003.540.798.770.000";"4.557.312.148.980.720";216;44;68;2797,937;332;20;0;25;4;"Saxifraga";727;281;0;2
"43";23;"A";1;10;NA;"R";"SENZA OCCHIO SIN";38;"F";"A";"NR";NA;207;2018-07-26;"2018";1;"16/07/2015";5;367466;5048223;"73.003.540.798.770.000";"4.557.312.148.980.720";216;44;68;2797,937;332;20;0;25;4;"Saxifraga";727;281;0;2
"44";68;"A";2;11;NA;"R";"Bg";35;"M";"A";"NR";NA;246;2016-09-02;"2016";1;"16/07/2015";5;367475;5048221;"7.300.469.917.760.870";"4.557.310.521.170.450";108;78;57;2799,537;308;18;35;50;17;"Graminacee";988;182;2,8;4
"44";58;"A";2;2;"1316717";"N";NA;31;"M";"A";"R";NA;240;2015-08-28;"2015";1;"16/07/2015";5;367475;5048221;"7.300.469.917.760.870";"4.557.310.521.170.450";108;78;57;2799,537;308;18;35;50;17;"Graminacee";988;182;2,8;4
"44";96;"A";2;17;NA;"R";"Bg";20;NA;"G";"NR";NA;249;2016-09-05;"2016";1;"16/07/2015";5;367475;5048221;"7.300.469.917.760.870";"4.557.310.521.170.450";108;78;57;2799,537;308;18;35;50;17;"Graminacee";988;182;2,8;4
"44";49;"A";1;17;NA;"R";"C/Dg";22;"M";"A";"NR";NA;241;2017-08-29;"2017";1;"16/07/2015";5;367475;5048221;"7.300.469.917.760.870";"4.557.310.521.170.450";108;78;57;2799,537;308;18;35;50;17;"Graminacee";988;182;2,8;4
"44";77;"T";2;14;NA;"R";"buchi in B/D";34;"M";"A";"NR";"buchi in B/D, guance, sopra coda";247;2016-09-03;"2016";1;"16/07/2015";5;367475;5048221;"7.300.469.917.760.870";"4.557.310.521.170.450";108;78;57;2799,537;308;18;35;50;17;"Graminacee";988;182;2,8;4
"45";21;"A";1;14;NA;"R";"F";38;"F";"A";"NR";NA;202;2015-07-21;"2015";1;"16/07/2015";5;367482;5048219;"730.056.013.448.811";"4.557.308.855.221.790";67;45;25;2801,577;343;7;70;25;20;"Salix herbacea";857;273;5,6;2
"45";5;"A";1;2;"1314375";"N";NA;33;"M";"G";"NR";NA;244;2014-09-01;"2014";1;"16/07/2015";5;367482;5048219;"730.056.013.448.811";"4.557.308.855.221.790";67;45;25;2801,577;343;7;70;25;20;"Salix herbacea";857;273;5,6;2
"45";8;"A";1;4;"1314375";"R";NA;29;"M";"G";"NR";NA;245;2014-09-02;"2014";1;"16/07/2015";5;367482;5048219;"730.056.013.448.811";"4.557.308.855.221.790";67;45;25;2801,577;343;7;70;25;20;"Salix herbacea";857;273;5,6;2
"45";57;"A";2;8;NA;"N";"A-B";42;"M";"A";"R";NA;243;2018-08-31;"2018";1;"16/07/2015";5;367482;5048219;"730.056.013.448.811";"4.557.308.855.221.790";67;45;25;2801,577;343;7;70;25;20;"Salix herbacea";857;273;5,6;2
"45";23;"A";1;10;"1314375";"R";NA;21;"M";"G";"NR";NA;248;2014-09-05;"2014";1;"16/07/2015";5;367482;5048219;"730.056.013.448.811";"4.557.308.855.221.790";67;45;25;2801,577;343;7;70;25;20;"Salix herbacea";857;273;5,6;2
"45";35;"A";2;2;NA;"N";"A piccolo";37;"F";"A";"R";NA;239;2018-08-27;"2018";1;"16/07/2015";5;367482;5048219;"730.056.013.448.811";"4.557.308.855.221.790";67;45;25;2801,577;343;7;70;25;20;"Salix herbacea";857;273;5,6;2
"45";18;"T";1;7;NA;NA;NA;NA;NA;NA;NA;NA;246;2014-09-03;"2014";1;"16/07/2015";5;367482;5048219;"730.056.013.448.811";"4.557.308.855.221.790";67;45;25;2801,577;343;7;70;25;20;"Salix herbacea";857;273;5,6;2
"46";57;"A";2;2;"1314106";"N";NA;33;"M";"A";"R";NA;240;2015-08-28;"2015";1;"16/07/2015";5;367481;5048211;"73.005.494.954.623.200";"4.557.301.638.573.720";192;31;86;2803,487;308;12;25;25;21;"Graminacee";919;252;2;2
"46";14;"A";1;6;"1314375";"R";"NA ";23;"M";"G";"NR";NA;246;2014-09-03;"2014";1;"16/07/2015";5;367481;5048211;"73.005.494.954.623.200";"4.557.301.638.573.720";192;31;86;2803,487;308;12;25;25;21;"Graminacee";919;252;2;2
"46";34;"A";2;3;NA;"R";"Bg";35;"M";"A";"NR";NA;242;2016-08-29;"2016";1;"16/07/2015";5;367481;5048211;"73.005.494.954.623.200";"4.557.301.638.573.720";192;31;86;2803,487;308;12;25;25;21;"Graminacee";919;252;2;2
"46";41;"T";2;4;NA;"R";"Bg";36;"M";"A";"NR";NA;242;2016-08-29;"2016";1;"16/07/2015";5;367481;5048211;"73.005.494.954.623.200";"4.557.301.638.573.720";192;31;86;2803,487;308;12;25;25;21;"Graminacee";919;252;2;2
"46";18;"A";1;11;NA;"N";"A/Db";43;"M";"A";"R";NA;238;2017-08-26;"2017";1;"16/07/2015";5;367481;5048211;"73.005.494.954.623.200";"4.557.301.638.573.720";192;31;86;2803,487;308;12;25;25;21;"Graminacee";919;252;2;2
"46";116;"A";2;14;"1313807";"R";NA;25;"F";"A";"R";NA;246;2015-09-03;"2015";1;"16/07/2015";5;367481;5048211;"73.005.494.954.623.200";"4.557.301.638.573.720";192;31;86;2803,487;308;12;25;25;21;"Graminacee";919;252;2;2
"47";89;"T";2;16;NA;"R";"C/Dg";29;"M";"A";"NR";NA;248;2016-09-04;"2016";1;"16/07/2015";5;367473;5048209;"730.044.755.413.901";"4.557.299.686.664.990";187;35;105;2803,747;318;0;20;62,5;14;"Graminacee";675;262;1,6;5
"47";86;"A";2;15;NA;"N";"B/centro sedere";22;NA;"G";"NR";NA;248;2016-09-04;"2016";1;"16/07/2015";5;367473;5048209;"730.044.755.413.901";"4.557.299.686.664.990";187;35;105;2803,747;318;0;20;62,5;14;"Graminacee";675;262;1,6;5
"47";102;"T";2;18;NA;"N";NA;23;NA;"G";"NR";NA;249;2016-09-05;"2016";1;"16/07/2015";5;367473;5048209;"730.044.755.413.901";"4.557.299.686.664.990";187;35;105;2803,747;318;0;20;62,5;14;"Graminacee";675;262;1,6;5
"47";7;"A";1;5;NA;"N";"C/Dg";30;"M";"A";"NR";NA;235;2017-08-23;"2017";1;"16/07/2015";5;367473;5048209;"730.044.755.413.901";"4.557.299.686.664.990";187;35;105;2803,747;318;0;20;62,5;14;"Graminacee";675;262;1,6;5
"47";34;"A";1;15;NA;"R";"C/D g";24;"M";"A";"NR";NA;240;2017-08-28;"2017";1;"16/07/2015";5;367473;5048209;"730.044.755.413.901";"4.557.299.686.664.990";187;35;105;2803,747;318;0;20;62,5;14;"Graminacee";675;262;1,6;5
"48";51;"A";1;17;NA;"N";NA;23;"F";"A";"NR";NA;241;2017-08-29;"2017";1;"16/07/2015";5;367461;5048212;"7.300.293.013.410.100";"4.557.302.156.972.800";37;37;79;2800,776;348;8;60;12,5;25;"Graminacee";939;254;4,8;1
"49";104;"T";2;9;NA;"N";NA;NA;NA;"G";NA;NA;243;2015-08-31;"2015";1;"16/07/2015";5;367450;5048214;"7.300.151.554.588.760";"45.573.037.466.296.500";68;53;68;2798,356;349;20;10;62,5;13;"Graminacee";1082;328;0,8;5
"5";7;"T";1;3;NA;"N";"D";29;"M";"G";"NR";NA;203;2018-07-22;"2018";1;"14/07/2015";1;367418;5048265;"729.972.776.745.971";"45.573.490.209.615.700";164;41;47;2781,887;294;11;25;25;21;"Graminacee";697;243;2;2
"5";1;"A";1;2;NA;"N";NA;30;"M";"A";"NR";NA;207;2019-07-26;"2019";1;"14/07/2015";1;367418;5048265;"729.972.776.745.971";"45.573.490.209.615.700";164;41;47;2781,887;294;11;25;25;21;"Graminacee";697;243;2;2
"5";13;"A";1;11;NA;"R";"centrog";43;"M";"A";"NR";NA;238;2017-08-26;"2017";1;"14/07/2015";1;367418;5048265;"729.972.776.745.971";"45.573.490.209.615.700";164;41;47;2781,887;294;11;25;25;21;"Graminacee";697;243;2;2
"5";55;"T";2;10;NA;"R";"Bg";38;"M";"A";"NR";"no pelo in B";245;2016-09-01;"2016";1;"14/07/2015";1;367418;5048265;"729.972.776.745.971";"45.573.490.209.615.700";164;41;47;2781,887;294;11;25;25;21;"Graminacee";697;243;2;2
"50";83;"A";2;15;NA;"R";"C/Dg";25;"M";"A";"NR";NA;248;2016-09-04;"2016";1;"16/07/2015";5;367442;5048213;"7.300.049.341.856.290";"4.557.302.694.383.390";42;48;214;2795,546;328;18;50;75;17;"Graminacee";465;323;4;6
"51";15;"A";1;6;"1314921";"R";NA;38;"F";"A";"NR";NA;246;2014-09-03;"2014";1;"14/07/2015";1;367439;5048211;"73.000.114.533.210.600";"4.557.300.837.779.730";73;70;41;2794,186;350;10;25;NA;25;"Graminacee";845;254;2;NA
"51";36;"A";1;14;"1314305";"R";NA;40;"M";"A";"NR";NA;250;2014-09-07;"2014";1;"14/07/2015";1;367439;5048211;"73.000.114.533.210.600";"4.557.300.837.779.730";73;70;41;2794,186;350;10;25;NA;25;"Graminacee";845;254;2;NA
"52";37;"A";1;14;NA;"N";NA;27;"F";"A";"NR";NA;250;2014-09-07;"2014";1;"14/07/2015";1;367422;5048208;"72.997.944.891.033.700";"4.557.297.814.483.620";227;58;60;2791,945;316;8;75;NA;23;"Graminacee";999;269;6;NA
"53";16;"A";1;6;NA;"N";"SI 6";13;NA;"G";"NR";NA;246;2014-09-03;"2014";1;"14/07/2015";1;367427;5048213;"7.299.857.183.936.540";"4.557.302.408.330.440";64;28;8;2792,666;2;2;80;NA;28;"Sibbaldia procumbens";807;229;6,4;NA
"53";24;"A";1;10;"1314305";"R";NA;44;"M";"A";"NR";NA;248;2014-09-05;"2014";1;"14/07/2015";1;367427;5048213;"7.299.857.183.936.540";"4.557.302.408.330.440";64;28;8;2792,666;2;2;80;NA;28;"Sibbaldia procumbens";807;229;6,4;NA
"55";94;"A";2;8;"1315304";"R";"B";NA;"M";"A";"R";NA;243;2015-08-31;"2015";1;"14/07/2015";1;367450;5048197;"7.300.156.170.126.110";"4.557.288.451.765.280";66;154;25;2802;259;9;5;NA;9;"Muschio";820;8;0,4;NA
"55";40;"A";1;20;"1314120";"N";"B/D";37;"M";"A";"NR";NA;205;2015-07-24;"2015";1;"14/07/2015";1;367450;5048197;"7.300.156.170.126.110";"4.557.288.451.765.280";66;154;25;2802;259;9;5;NA;9;"Muschio";820;8;0,4;NA
"55";54;"A";2;2;"1315304";"R";"B";34;"M";"A";"R";NA;240;2015-08-28;"2015";1;"14/07/2015";1;367450;5048197;"7.300.156.170.126.110";"4.557.288.451.765.280";66;154;25;2802;259;9;5;NA;9;"Muschio";820;8;0,4;NA
"55";99;"T";2;9;"1315304";"R";"B";37;"M";"A";"R";NA;243;2015-08-31;"2015";1;"14/07/2015";1;367450;5048197;"7.300.156.170.126.110";"4.557.288.451.765.280";66;154;25;2802;259;9;5;NA;9;"Muschio";820;8;0,4;NA
"55";2;"A";1;4;NA;"N";NA;40;"F";"A";"R";NA;197;2015-07-16;"2015";1;"14/07/2015";1;367450;5048197;"7.300.156.170.126.110";"4.557.288.451.765.280";66;154;25;2802;259;9;5;NA;9;"Muschio";820;8;0,4;NA
"55";47;"T";2;1;NA;"R";"B";38;"M";"A";"R";NA;239;2015-08-27;"2015";1;"14/07/2015";1;367450;5048197;"7.300.156.170.126.110";"4.557.288.451.765.280";66;154;25;2802;259;9;5;NA;9;"Muschio";820;8;0,4;NA
"56";25;"A";1;10;"1314452";"N";NA;41;"M";"A";"NR";NA;248;2014-09-05;"2014";1;"14/07/2015";1;367457;5048201;"73.002.447.576.619.700";"45.572.921.840.287.200";97;91;23;2801,786;56;9;25;NA;16;"Sibbaldia procumbens";976;114;2;NA
"56";72;"A";2;13;NA;"N";"A/Eg B/Fb";27;"F";"A";"NR";NA;247;2016-09-03;"2016";1;"14/07/2015";1;367457;5048201;"73.002.447.576.619.700";"45.572.921.840.287.200";97;91;23;2801,786;56;9;25;NA;16;"Sibbaldia procumbens";976;114;2;NA
"56";59;"A";2;11;NA;"R";"C/Dg";32;"M";"A";"NR";"orecchio";246;2016-09-02;"2016";1;"14/07/2015";1;367457;5048201;"73.002.447.576.619.700";"45.572.921.840.287.200";97;91;23;2801,786;56;9;25;NA;16;"Sibbaldia procumbens";976;114;2;NA
"56";101;"T";2;9;NA;"N";NA;20;NA;"G";"NR";NA;243;2015-08-31;"2015";1;"14/07/2015";1;367457;5048201;"73.002.447.576.619.700";"45.572.921.840.287.200";97;91;23;2801,786;56;9;25;NA;16;"Sibbaldia procumbens";976;114;2;NA
"57";9;"A";1;4;NA;"N";NA;43;"M";"A";"NR";NA;245;2014-09-02;"2014";1;"14/07/2015";1;367459;5048202;"7.300.270.107.191.630";"4.557.293.121.860.190";80;45;57;2801,066;352;11;29;NA;14;"Graminacee";75;85;2,32;NA
"57";52;"T";2;10;NA;"N";"D/Eb";28;"F";"A";"NR";NA;245;2016-09-01;"2016";1;"14/07/2015";1;367459;5048202;"7.300.270.107.191.630";"4.557.293.121.860.190";80;45;57;2801,066;352;11;29;NA;14;"Graminacee";75;85;2,32;NA
"57";56;"A";2;2;"1314440";"N";NA;37;"M";"A";"R";NA;240;2015-08-28;"2015";1;"14/07/2015";1;367459;5048202;"7.300.270.107.191.630";"4.557.293.121.860.190";80;45;57;2801,066;352;11;29;NA;14;"Graminacee";75;85;2,32;NA
"57";77;"A";2;6;"1315304";"R";"B";35;"M";"A";"R";NA;242;2015-08-30;"2015";1;"14/07/2015";1;367459;5048202;"7.300.270.107.191.630";"4.557.293.121.860.190";80;45;57;2801,066;352;11;29;NA;14;"Graminacee";75;85;2,32;NA
"57";51;"A";2;9;NA;"R";"C/Dg";35;"M";"A";"NR";"buchi pelo e orecchio tagliato";245;2016-09-01;"2016";1;"14/07/2015";1;367459;5048202;"7.300.270.107.191.630";"4.557.293.121.860.190";80;45;57;2801,066;352;11;29;NA;14;"Graminacee";75;85;2,32;NA
"58";62;"T";2;3;NA;"N";NA;21;NA;"G";"NR";NA;240;2015-08-28;"2015";1;"14/07/2015";1;367468;5048202;"7.300.385.401.774.700";"45.572.932.934.539";203;53;40;2803,986;350;8;10;NA;11;"Graminacee";806;99;0,8;NA
"6";2;"A";1;2;NA;"N";"SI";35;"F";"A";"NR";NA;244;2014-09-01;"2014";1;"14/07/2015";1;367426;5048265;"7.299.830.252.520.920";"45.573.491.735.399.800";130;31;36;2782,237;310;7;55;50;20;"Graminacee";1108;254;4,4;4
"60";53;"T";2;10;NA;"N";"Cb/Eg";26;NA;"G";"NR";NA;245;2016-09-01;"2016";1;"14/07/2015";1;367485;5048235;"7.300.594.223.192.870";"45.573.233.075.806.400";101;104;128;2795,538;2;22;5;NA;8;"Muschio";1040;103;0,4;NA
"60";113;"A";2;14;NA;"N";NA;NA;NA;"G";"NR";NA;246;2015-09-03;"2015";1;"14/07/2015";1;367485;5048235;"7.300.594.223.192.870";"45.573.233.075.806.400";101;104;128;2795,538;2;22;5;NA;8;"Muschio";1040;103;0,4;NA
"60";95;"A";2;8;"1315457";"R";"A/B";27;"F";"A";"NR";NA;243;2015-08-31;"2015";1;"14/07/2015";1;367485;5048235;"7.300.594.223.192.870";"45.573.233.075.806.400";101;104;128;2795,538;2;22;5;NA;8;"Muschio";1040;103;0,4;NA
"60";69;"T";2;12;NA;"R";"C/Dg";35;"M";"A";"NR";"orecchio";246;2016-09-02;"2016";1;"14/07/2015";1;367485;5048235;"7.300.594.223.192.870";"45.573.233.075.806.400";101;104;128;2795,538;2;22;5;NA;8;"Muschio";1040;103;0,4;NA
"60";76;"T";2;14;NA;"R";"C/Dg";32;"M";"A";"NR";"orecchio";247;2016-09-03;"2016";1;"14/07/2015";1;367485;5048235;"7.300.594.223.192.870";"45.573.233.075.806.400";101;104;128;2795,538;2;22;5;NA;8;"Muschio";1040;103;0,4;NA
"61";8;"T";1;7;NA;"N";NA;NA;NA;"A";NA;NA;198;2015-07-17;"2015";1;"16/07/2015";5;367487;5048243;"7.300.617.672.904.940";"4.557.330.543.291.090";53;33;40;2792,668;20;27;0;NA;4;"Muschio";592;90;0;NA
"61";38;"A";1;14;"1314296";"N";NA;33;"F";"A";"NR";NA;250;2014-09-07;"2014";1;"16/07/2015";5;367487;5048243;"7.300.617.672.904.940";"4.557.330.543.291.090";53;33;40;2792,668;20;27;0;NA;4;"Muschio";592;90;0;NA
"61";41;"A";1;20;"1313062";"R";NA;38;"M";"A";"R";NA;205;2015-07-24;"2015";1;"16/07/2015";5;367487;5048243;"7.300.617.672.904.940";"4.557.330.543.291.090";53;33;40;2792,668;20;27;0;NA;4;"Muschio";592;90;0;NA
"62";12;"T";1;5;"1315302";"R";NA;33;"F";"A";"NR";NA;245;2014-09-02;"2014";1;"14/07/2015";1;367482;5048250;"7.300.551.719.831.880";"4.557.336.745.861.330";30;60;62;2789,858;18;30;25;NA;12;"Salix herbacea";867;108;2;NA
"63";17;"A";1;6;"1315302";"R";"NA ";30;"F";"A";"NR";NA;246;2014-09-03;"2014";1;"14/07/2015";1;367476;5048253;"7.300.474.041.811.060";"4.557.339.330.571.130";38;102;252;2789,288;323;30;10;NA;14;"Muschio";690;42;0,8;NA
"64";107;"T";2;9;"1315457";"R";"A/B";NA;"F";"A";"NR";NA;243;2015-08-31;"2015";1;"14/07/2015";1;367466;5048256;"7.300.345.121.239.450";"4.557.341.839.012.960";131;97;43;2786,598;12;18;0;NA;7;"Muschio";924;3;0;NA
"64";81;"A";2;6;"1315457";"R";"A/B";21;"F";"A";"NR";NA;242;2015-08-30;"2015";1;"14/07/2015";1;367466;5048256;"7.300.345.121.239.450";"4.557.341.839.012.960";131;97;43;2786,598;12;18;0;NA;7;"Muschio";924;3;0;NA
"64";42;"A";1;20;NA;"R";"B";46;"M";"A";"NR";NA;205;2015-07-24;"2015";1;"14/07/2015";1;367466;5048256;"7.300.345.121.239.450";"4.557.341.839.012.960";131;97;43;2786,598;12;18;0;NA;7;"Muschio";924;3;0;NA
"64";96;"A";2;8;"1313979";"R";NA;38;"M";"A";"R";NA;243;2015-08-31;"2015";1;"14/07/2015";1;367466;5048256;"7.300.345.121.239.450";"4.557.341.839.012.960";131;97;43;2786,598;12;18;0;NA;7;"Muschio";924;3;0;NA
"65";80;"A";2;6;"1314106";"R";NA;NA;"M";"A";"R";NA;242;2015-08-30;"2015";1;"14/07/2015";1;367462;5048249;"7.300.295.779.146.810";"4.557.335.464.862.770";292;99;67;2787,358;13;7;5;NA;2;"Muschio";862;263;0,4;NA
"65";48;"T";2;1;NA;"N";"E/F";35;"M";"A";"R";NA;239;2015-08-27;"2015";1;"14/07/2015";1;367462;5048249;"7.300.295.779.146.810";"4.557.335.464.862.770";292;99;67;2787,358;13;7;5;NA;2;"Muschio";862;263;0,4;NA
"65";103;"T";2;9;"1313979";"R";NA;NA;"M";"A";"R";NA;243;2015-08-31;"2015";1;"14/07/2015";1;367462;5048249;"7.300.295.779.146.810";"4.557.335.464.862.770";292;99;67;2787,358;13;7;5;NA;2;"Muschio";862;263;0,4;NA
"66";7;"A";1;4;"1315302";"R";NA;29;"F";"A";"NR";NA;245;2014-09-02;"2014";1;"14/07/2015";1;367471;5048248;"73.004.113.460.626.300";"4.557.334.736.757.160";139;75;21;2788,498;11;29;15;NA;14;"Silene acaulis";585;310;1,2;NA
"66";7;"T";1;7;"1313062";"R";NA;NA;"M";"A";"R";NA;198;2015-07-17;"2015";1;"14/07/2015";1;367471;5048248;"73.004.113.460.626.300";"4.557.334.736.757.160";139;75;21;2788,498;11;29;15;NA;14;"Silene acaulis";585;310;1,2;NA
"66";32;"A";1;12;"1315139";"N";NA;43;"M";"A";"NR";NA;249;2014-09-06;"2014";1;"14/07/2015";1;367471;5048248;"73.004.113.460.626.300";"4.557.334.736.757.160";139;75;21;2788,498;11;29;15;NA;14;"Silene acaulis";585;310;1,2;NA
"66";26;"A";1;10;"1315302";"R";NA;30;"F";"A";"NR";NA;248;2014-09-05;"2014";1;"14/07/2015";1;367471;5048248;"73.004.113.460.626.300";"4.557.334.736.757.160";139;75;21;2788,498;11;29;15;NA;14;"Silene acaulis";585;310;1,2;NA
"67";33;"A";1;12;"1315302";"R";NA;30;"F";"A";"NR";NA;249;2014-09-06;"2014";1;"14/07/2015";1;367474;5048241;"7.300.451.678.082.930";"45.573.284.960.661.000";77;83;40;2792,428;19;38;10;NA;13;"Graminacee";810;261;0,8;NA
"67";83;"A";2;6;"1313222";"N";NA;25;"M";"A";"NR";NA;242;2015-08-30;"2015";1;"14/07/2015";1;367474;5048241;"7.300.451.678.082.930";"45.573.284.960.661.000";77;83;40;2792,428;19;38;10;NA;13;"Graminacee";810;261;0,8;NA
"67";10;"A";1;8;"1310363";"N";"C";40;"F";"A";"R";NA;199;2015-07-18;"2015";1;"14/07/2015";1;367474;5048241;"7.300.451.678.082.930";"45.573.284.960.661.000";77;83;40;2792,428;19;38;10;NA;13;"Graminacee";810;261;0,8;NA
"68";97;"A";2;8;NA;"N";NA;21;NA;"G";"NR";NA;243;2015-08-31;"2015";1;"14/07/2015";1;367470;5048232;"730.040.287.891.058";"45.573.203.225.244.100";71;127;58;2794,777;13;17;15;NA;10;"Salix herbacea";770;271;1,2;NA
"69";112;"A";2;14;"1314269";"R";NA;36;"M";"A";"NR";NA;246;2015-09-03;"2015";1;"16/07/2015";5;367439;5048231;"7.300.006.022.787.680";"45.573.188.317.360.200";97;75;66;2792,266;12;11;5;NA;8;"Graminacee";1041;282;0,4;NA
"7";35;"A";1;18;NA;"R";"F";32;"F";"A";"NR";NA;204;2015-07-23;"2015";1;"14/07/2015";1;367432;5048271;"7.299.905.487.040.140";"4.557.354.686.153.960";116;38;56;2782,438;332;0;45;25;22;"Graminacee";719;234;3,6;2
"70";78;"A";2;6;NA;"N";NA;19;"M";"G";"NR";NA;242;2015-08-30;"2015";1;"16/07/2015";5;367455;5048233;"7.300.210.448.858.930";"4.557.320.936.227.960";207;73;96;2792,857;358;2;0;NA;2;"Oxyria digyna";1135;280;0;NA
"70";89;"T";2;7;NA;"N";NA;20;NA;"G";"NR";NA;242;2015-08-30;"2015";1;"16/07/2015";5;367455;5048233;"7.300.210.448.858.930";"4.557.320.936.227.960";207;73;96;2792,857;358;2;0;NA;2;"Oxyria digyna";1135;280;0;NA
"70";34;"A";1;12;NA;"N";NA;26;NA;NA;NA;NA;249;2014-09-06;"2014";1;"16/07/2015";5;367455;5048233;"7.300.210.448.858.930";"4.557.320.936.227.960";207;73;96;2792,857;358;2;0;NA;2;"Oxyria digyna";1135;280;0;NA
"71";69;"A";2;4;NA;"N";NA;18;NA;"G";"NR";NA;241;2015-08-29;"2015";1;"16/07/2015";5;NA;NA;"";"";71;114;41;NA;43;20;5;NA;7;"Saxifraga";840;30;0,4;NA
"72";111;"A";2;14;NA;"N";NA;22;"M";"G";"NR";NA;246;2015-09-03;"2015";1;"14/07/2015";1;NA;NA;"";"";36;53;250;NA;19;12;15;NA;11;"Cerastium ped.";594;89;1,2;NA
"72";102;"T";2;9;NA;"N";NA;19;NA;"G";"NR";NA;243;2015-08-31;"2015";1;"14/07/2015";1;NA;NA;"";"";36;53;250;NA;19;12;15;NA;11;"Cerastium ped.";594;89;1,2;NA
"73";74;"T";2;5;NA;"N";NA;22;NA;"G";"NR";NA;241;2015-08-29;"2015";1;"14/07/2015";1;NA;NA;"";"";35;87;277;NA;19;20;40;NA;12;"Oxyria digyna";752;49;3,2;NA
"74";82;"A";2;6;"1313979";"R";NA;38;"M";"A";"R";NA;242;2015-08-30;"2015";1;"16/07/2015";5;NA;NA;"";"";46;40;247;NA;30;10;25;NA;12;"Saxifraga";601;99;2;NA
"74";68;"A";2;4;"1313979";"N";NA;40;"M";"A";"R";NA;241;2015-08-29;"2015";1;"16/07/2015";5;NA;NA;"";"";46;40;247;NA;30;10;25;NA;12;"Saxifraga";601;99;2;NA
"74";98;"A";2;8;NA;"N";NA;18;NA;"G";"NR";NA;243;2015-08-31;"2015";1;"16/07/2015";5;NA;NA;"";"";46;40;247;NA;30;10;25;NA;12;"Saxifraga";601;99;2;NA
"8";51;"T";2;7;NA;"R";"E-F";29;"F";"A";"R";NA;242;2018-08-30;"2018";1;"14/07/2015";1;367441;5048273;"7.300.020.239.802.870";"4.557.356.657.181.750";97;94;55;2782,768;19;6;25;25;24;"Graminacee";776;255;2;2
"8";62;"A";2;11;NA;"N";"A/Cg Bb";23;NA;"G";"NR";NA;246;2016-09-02;"2016";1;"14/07/2015";1;367441;5048273;"7.300.020.239.802.870";"4.557.356.657.181.750";97;94;55;2782,768;19;6;25;25;24;"Graminacee";776;255;2;2
"8";108;"A";2;14;"1313807";"R";NA;25;"F";"A";"R";NA;246;2015-09-03;"2015";1;"14/07/2015";1;367441;5048273;"7.300.020.239.802.870";"4.557.356.657.181.750";97;94;55;2782,768;19;6;25;25;24;"Graminacee";776;255;2;2
"8";29;"T";1;11;NA;"R";"E-F";31;"F";"A";"R";NA;210;2018-07-29;"2018";1;"14/07/2015";1;367441;5048273;"7.300.020.239.802.870";"4.557.356.657.181.750";97;94;55;2782,768;19;6;25;25;24;"Graminacee";776;255;2;2
"9";32;"T";1;17;NA;"N";NA;18;NA;"G";"NR";NA;203;2015-07-22;"2015";1;"14/07/2015";1;367448;5048268;"730.011.127.193.932";"45.573.522.921.766.200";97;48;157;2783,368;4;0;10;37,5;8;"Graminacee";575;299;0,8;3
"9";40;"A";2;4;NA;"R";"E-F";32;"F";"A";"R";NA;240;2018-08-28;"2018";1;"14/07/2015";1;367448;5048268;"730.011.127.193.932";"45.573.522.921.766.200";97;48;157;2783,368;4;0;10;37,5;8;"Graminacee";575;299;0,8;3
"9";132;"T";2;23;NA;"N";NA;30;NA;"A";NA;NA;250;2015-09-07;"2015";1;"14/07/2015";1;367448;5048268;"730.011.127.193.932";"45.573.522.921.766.200";97;48;157;2783,368;4;0;10;37,5;8;"Graminacee";575;299;0,8;3
"9";31;"T";2;1;NA;"N";"E-F";33;"F";"A";"R";NA;238;2018-08-26;"2018";1;"14/07/2015";1;367448;5048268;"730.011.127.193.932";"45.573.522.921.766.200";97;48;157;2783,368;4;0;10;37,5;8;"Graminacee";575;299;0,8;3
"9";45;"A";2;6;NA;"R";"E-F";31;"F";"A";"R";NA;241;2018-08-29;"2018";1;"14/07/2015";1;367448;5048268;"730.011.127.193.932";"45.573.522.921.766.200";97;48;157;2783,368;4;0;10;37,5;8;"Graminacee";575;299;0,8;3
"9";61;"A";2;11;NA;"N";"Bg/Cb/Eb";23;"F";"G";"NR";NA;246;2016-09-02;"2016";1;"14/07/2015";1;367448;5048268;"730.011.127.193.932";"45.573.522.921.766.200";97;48;157;2783,368;4;0;10;37,5;8;"Graminacee";575;299;0,8;3
"9";37;"T";2;3;NA;"R";"E-F";33;"F";"A";"R";NA;239;2018-08-27;"2018";1;"14/07/2015";1;367448;5048268;"730.011.127.193.932";"45.573.522.921.766.200";97;48;157;2783,368;4;0;10;37,5;8;"Graminacee";575;299;0,8;3
"9";87;"T";2;7;"1313807";"R";NA;31;"F";"A";"R";NA;242;2015-08-30;"2015";1;"14/07/2015";1;367448;5048268;"730.011.127.193.932";"45.573.522.921.766.200";97;48;157;2783,368;4;0;10;37,5;8;"Graminacee";575;299;0,8;3
